timestamp,location,pm25,pm10,co2,ozone,no2,temperature,humidity,wind_speed
2023-01-01 12:00:00,CentralPark,13.99730928492575,24.310043357958,365.25504276294987,24.91307019989896,8.885553979203948,28.66304295041417,62.08341404026988,4.920074743455733
2023-01-01 12:00:00,Downtown,19.319156698434973,23.62342386693704,416.0867844194466,34.189564786315174,5.063993676569818,29.563260276860888,63.55137920193937,5.485200607418836
2023-01-01 12:00:00,SuburbA,20.039898652609338,15.823081465383977,422.9408895861151,27.662236819378755,9.843753017052927,26.46746536389501,78.88732265192962,3.6292947437004064
2023-01-01 12:00:00,SuburbB,12.550555087486043,20.337976101754816,330.99273895890116,24.830551309755087,13.052065318503113,24.674966332990635,62.901277950344706,4.529444248707023
2023-01-01 12:15:00,CentralPark,26.09583429416773,17.063184423393672,334.4386603660455,27.531049483830248,12.50184438996016,27.35279632223954,57.914121686160065,5.442585897914917
2023-01-01 12:15:00,Downtown,29.66077162559515,21.771651271628386,440.05366097084305,33.88668323093626,8.577752648632725,21.889041531093547,52.01386376046812,5.4982067179849174
2023-01-01 12:15:00,SuburbA,20.98985810952028,21.555661870434797,456.4555472974523,25.73205383338239,13.17745855134492,24.987438709374647,65.55148630660346,4.53838356177842
2023-01-01 12:15:00,SuburbB,12.46971609298625,34.69633134800461,374.8905315292709,34.98998007834797,12.11502365485175,21.631899207660737,72.38998053685138,3.5505830685196065
2023-01-01 12:30:00,CentralPark,29.705974567181045,18.645896743543176,312.9259843736855,27.38025975561797,6.85885606110574,27.29809023979704,79.56079198794487,4.52876597869337
2023-01-01 12:30:00,Downtown,12.546953491351651,23.667304198225573,415.16224636377893,25.718086340471313,6.041130427909705,24.121301190518952,79.48174033600023,5.817432960720027
2023-01-01 12:30:00,SuburbA,22.933777142112966,16.636340971122642,389.4648858730439,33.065732238412274,10.914821728191669,26.097586487633663,55.956813803447936,3.0718002744995836
2023-01-01 12:30:00,SuburbB,10.205436282014809,23.737847035336774,429.4316846923468,37.13987568742872,12.019637909801741,26.844097115084242,64.1308283257269,7.258515969506586
2023-01-01 12:45:00,CentralPark,25.652387894087717,15.442294291931827,342.7023535093654,21.58173049540387,14.219236595375705,23.054691979517806,76.6799051593157,6.324746901745053
2023-01-01 12:45:00,Downtown,24.0138519738909,30.424119716188354,413.6055860619426,39.63474289484906,12.016384938129475,24.54235768153113,64.28876060793952,7.80554368159206
2023-01-01 12:45:00,SuburbA,19.51972142703964,32.76810186610507,387.7453978542758,34.337400715880264,8.852503217788126,24.60119365004243,51.24838340560244,4.624644983095435
2023-01-01 12:45:00,SuburbB,24.1931868976413,29.709972592495657,423.1587938601578,38.720814439290315,11.518663739335729,29.12234458486427,66.96277318117782,5.068109014670249
2023-01-01 13:00:00,CentralPark,12.446100178938517,18.077672478713364,446.441192901373,36.691221874342446,12.722890144343548,25.62594725392127,66.50975119574875,4.318630798955612
2023-01-01 13:00:00,Downtown,23.129501807497583,28.863478697410983,319.9671638874116,23.900146388475765,6.081625296911177,25.529717088711703,51.707223492561546,5.83217487924661
2023-01-01 13:00:00,SuburbA,28.880662842713804,17.736811411501936,486.43537478348395,31.891079962940193,14.851765563007987,23.35160928126381,66.03162392055773,3.7323475660205943
2023-01-01 13:00:00,SuburbB,23.117987915150238,27.16512661491184,332.31498830771613,29.214297352295876,11.965484901230889,22.665657774556088,50.08718441169192,4.653285951007637
2023-01-01 13:15:00,CentralPark,13.211109484947059,28.173564936576405,310.51144047856064,30.27486379777926,12.40481210977653,28.410989791181905,61.16818965539095,7.624900628874337
2023-01-01 13:15:00,Downtown,13.05239803587989,33.536347524438575,345.7962823431645,37.71556350476111,12.574978179189122,22.714030658712268,51.17439605807469,6.385674820557268
2023-01-01 13:15:00,SuburbA,15.408821326210438,19.96920367487825,421.9862888383294,21.318147908297234,8.088076480958755,26.2584278630978,73.25008055493575,3.3259831203472023
2023-01-01 13:15:00,SuburbB,10.956363515421163,23.897060146056255,369.2208002918151,30.466062310144004,11.278589068211506,27.31657773357847,65.87963219294198,7.350766117456203
2023-01-01 13:30:00,CentralPark,25.472616331807775,29.280031472040307,382.33900835699234,28.010798531027127,14.885734763913103,20.12392253972355,79.69047041963567,3.5017861085996045
2023-01-01 13:30:00,Downtown,17.304561672715256,16.70282907376299,481.96735621968696,22.548749368246863,6.5585741415332635,20.47320247144836,65.51587315498483,5.046660239719399
2023-01-01 13:30:00,SuburbA,11.285919408208693,24.99782965247585,451.3845268032892,33.44269219902846,9.206448420681074,23.36229963430531,70.08855484249787,3.1394707617375475
2023-01-01 13:30:00,SuburbB,10.977314410523087,33.531654874821726,452.02797042486077,34.039146806543954,14.554552116306027,29.14860202782706,67.37370674701631,3.2965702452458507
2023-01-01 13:45:00,CentralPark,23.08444796224636,16.805108926636134,392.1569908390354,24.72364112673681,14.049905082486848,29.564070466264017,58.93172610200565,6.074991685316028
2023-01-01 13:45:00,Downtown,10.389917314888336,26.991032613639305,310.26029829637895,31.489615098551397,5.500004370199042,27.52279889650235,71.49478122533563,5.295115390038677
2023-01-01 13:45:00,SuburbA,28.012280878288834,19.142420137995718,417.44774680234923,24.48765598303346,13.095907974511213,21.114887095147008,71.47449420276345,3.913042807506048
2023-01-01 13:45:00,SuburbB,17.30807279586893,30.68273396632491,384.9743779031836,37.204017031356415,10.265992302423445,20.43180982093816,79.00262627689924,5.650231622684222
2023-01-01 14:00:00,CentralPark,24.165310394716258,20.2174211036288,470.0354913375277,26.133311262500555,11.971389636506839,27.346799675071285,50.49085848086232,4.627374714565686
2023-01-01 14:00:00,Downtown,23.776869973760764,29.530757163058567,404.64711629943224,32.90124665636306,9.913324109673308,29.520590429181077,52.92549152727366,6.734799793881724
2023-01-01 14:00:00,SuburbA,26.288706943304753,15.50629056875298,341.70748669880174,35.76308537693528,7.98197699016749,24.220465308024778,68.04459665895483,5.473603336497321
2023-01-01 14:00:00,SuburbB,26.69130103857459,17.776912748032867,342.9982286514098,23.905506516894107,5.62495952065297,24.793240442293204,64.64785506931436,6.048539467687486
2023-01-01 14:15:00,CentralPark,15.466897656553371,15.959014522993712,355.053898583874,22.152151314148426,5.198545931341506,26.89290621733752,59.14899085246948,6.234154801797241
2023-01-01 14:15:00,Downtown,10.720808734355554,30.766118450402203,443.174149513159,28.78199654740346,11.513940604906843,26.56284411206769,51.41347921623349,4.454593743274666
2023-01-01 14:15:00,SuburbA,14.266520839126748,19.17644388043896,429.44242645724603,35.596446540701464,14.410397537241272,20.496461959238975,79.98594069297607,3.361217115227027
2023-01-01 14:15:00,SuburbB,26.50324320557073,24.898171717376172,377.06714367367465,26.833644656643003,14.933644090616694,25.797683859932,74.25094423525786,4.104476118079951
2023-01-01 14:30:00,CentralPark,13.12355072078374,26.819876054753355,302.8872249509525,27.283917015823516,14.660261008632135,23.43978921009454,66.72520679076271,7.630691438007516
2023-01-01 14:30:00,Downtown,10.886731142341642,31.56617037406716,324.74465514211977,21.365338001359227,8.050778100290179,20.594584376688047,62.077601840484625,7.992218413807077
2023-01-01 14:30:00,SuburbA,18.90160931343891,28.172833333936175,333.9267572287365,21.053697046968185,6.5225244196582155,29.78609236048763,54.8202055739126,4.102887343321449
2023-01-01 14:30:00,SuburbB,10.471470363811108,21.156135366192036,438.1725709198636,32.26989717624729,5.093932064356201,23.71422609051949,71.92787469454046,6.532040112716146
2023-01-01 14:45:00,CentralPark,18.66791361904145,17.242962163616646,403.3564675044593,23.8536718039585,10.567188136393975,24.62255841975635,64.70181737726384,6.598574744033993
2023-01-01 14:45:00,Downtown,27.859748459850938,20.058409886303842,374.7811347867404,34.310777280453856,11.4462503326797,25.524190269103105,68.88613741608744,4.247736706487669
2023-01-01 14:45:00,SuburbA,10.5493067988301,16.507510598612495,471.85423611775286,29.455351330036063,14.234420639323794,29.266166986003558,70.37004252730462,7.8060716373487935
2023-01-01 14:45:00,SuburbB,28.021364569696892,17.245154157549724,414.30400920633053,37.62291044064206,5.135030348601556,26.510618003978042,52.518206842130844,7.1190430132720275
2023-01-01 15:00:00,CentralPark,22.575988345637622,28.952123393384227,481.3413617805344,37.0896895208504,9.410734000291374,25.477109268324895,73.51075156934247,3.9255014499830865
2023-01-01 15:00:00,Downtown,24.487167547470698,31.578363625510327,345.01259511257985,28.90430591684794,5.580598093832241,21.49455877260077,77.69892079783003,5.353981990725754
2023-01-01 15:00:00,SuburbA,18.11273450469777,25.397721204666205,420.49373688857935,34.296652736887,11.6468039391606,25.939569516192243,55.80313869195422,7.535238627934534
2023-01-01 15:00:00,SuburbB,23.00632608094889,22.192411129505057,470.5771473539672,24.96617513627961,11.62699470090412,28.277169187970586,77.1123949196705,4.3657119011224506
2023-01-01 15:15:00,CentralPark,25.760251154232282,30.847726514850297,446.0775602532805,28.518733343714402,12.50945997170876,29.23656441105008,77.64382368837379,4.385063222896203
2023-01-01 15:15:00,Downtown,24.583847053884355,33.75640221702386,478.87730758336113,27.77936433531569,12.00340404703915,23.054153656070888,63.41945293490529,5.245742148900467
2023-01-01 15:15:00,SuburbA,25.585070176619773,23.21866609700535,338.25315598465573,30.478038703822833,7.040093544645924,24.713775158057544,53.00261100614546,7.092588759247443
2023-01-01 15:15:00,SuburbB,16.49873954448702,31.685358166298865,373.40405921636636,24.83136346499756,12.648443001007475,29.116166479990618,59.79860537665232,5.415060860970105
2023-01-01 15:30:00,CentralPark,11.49855267077281,32.95437257273361,453.2250960118539,27.855746704677294,7.167141059147709,27.100234897441137,67.76762841612754,5.95902396094144
2023-01-01 15:30:00,Downtown,25.583889757547844,21.347367562715938,387.60648986840033,26.773636547349632,6.359626382656309,25.275735043838857,62.280462594525,4.487563198192158
2023-01-01 15:30:00,SuburbA,18.9617223845518,32.91190837296438,392.61580801066174,29.79851292899766,6.531426643062451,20.459885284804542,65.09412547221302,6.800869888488114
2023-01-01 15:30:00,SuburbB,21.47799442838092,23.304159934052308,494.17473512951034,32.843326958078976,12.001405524404474,22.155928538223947,62.55702770070053,5.765666491688138
2023-01-01 15:45:00,CentralPark,28.526121457663464,31.41477531009615,382.01598149254113,26.807739492002078,6.108700254042986,22.400501406967784,76.47589090337783,6.645658415320895
2023-01-01 15:45:00,Downtown,28.488889495012874,25.827360478304968,345.15835978164233,35.36887517158064,7.646971177650831,24.578103878322345,74.88899212622329,5.990846443123587
2023-01-01 15:45:00,SuburbA,22.713991934160763,29.319879200080294,480.6280920237899,24.31938214742393,11.602657086465978,23.5239878475237,51.079516325132275,4.374172780334328
2023-01-01 15:45:00,SuburbB,12.54123734362409,25.685530924424754,476.4095736829563,35.561675950847004,12.63418298867674,25.714124532064908,61.28685444898267,6.297243609864983
2023-01-01 16:00:00,CentralPark,20.73363621482377,30.88939975301997,495.27889694070467,23.890280464007493,5.796506973024705,28.185686232533083,64.78518067488959,6.144212456977799
2023-01-01 16:00:00,Downtown,28.0060358791322,15.033039571032823,399.1943610098021,37.31078680962908,6.609548458440027,22.73099657131492,71.43110381846064,4.152482276214952
2023-01-01 16:00:00,SuburbA,22.889600389567683,28.421782668150477,495.08172292589774,39.7899389888464,12.174793019068634,20.283371913996778,60.68689267024288,5.10654812266524
2023-01-01 16:00:00,SuburbB,21.001680111619404,22.10479960980333,373.5147411812002,37.99761725736268,13.457853750970823,26.38589683409186,69.13845082175263,5.667918998023836
2023-01-01 16:15:00,CentralPark,29.831887520897673,19.722756805391437,301.6458950377203,25.70599366953926,9.148477654325784,22.054102377454967,61.24743865108045,5.5801726680655515
2023-01-01 16:15:00,Downtown,12.562080542876197,16.247228868111122,482.5405940940338,29.907932098481844,14.773246689431133,24.10481388919928,58.64892450545602,6.545515968172686
2023-01-01 16:15:00,SuburbA,13.140396996782162,17.876859843128276,413.79745796479926,25.040469619560486,13.518494513156567,29.941323521168687,63.756873023421825,7.29830917766893
2023-01-01 16:15:00,SuburbB,20.660595695257093,22.594351168265607,427.0384583212133,32.353652225563145,7.357103421791976,27.15787357933703,52.843417690384754,6.792838596453381
2023-01-01 16:30:00,CentralPark,29.24972998947418,21.376843952995912,498.58254529757903,32.62732865826886,14.910650636159184,25.26835314730024,65.90452260313629,7.189198346063887
2023-01-01 16:30:00,Downtown,16.62970301424011,24.695789449536615,479.6336035316235,22.01670732162852,10.977384840241186,21.405419607461212,50.85185378987667,4.8734482634218015
2023-01-01 16:30:00,SuburbA,27.684543472419442,33.3647085943203,436.1663641597688,30.129452715210714,8.26986454425251,28.36308904565024,51.02243021256632,6.614958565543175
2023-01-01 16:30:00,SuburbB,15.3927823368427,32.01978950010148,312.1092445982497,20.12118495821884,8.007146016286175,29.753789206616332,52.54814535997716,3.52333453586808
2023-01-01 16:45:00,CentralPark,27.118126172414264,22.925836399204023,386.7514433062525,38.2726991046398,10.711619692086442,27.214057818576485,51.082174074901715,6.204129767028308
2023-01-01 16:45:00,Downtown,11.394539151752273,21.78486322113988,313.3921119708565,23.442226982486595,11.348963846669523,29.512608617134326,58.099647128611736,7.030967846330287
2023-01-01 16:45:00,SuburbA,21.908133617914583,30.68178607800583,316.92125349818474,37.82714533704994,7.476730149006356,22.467255209381833,56.65010445118855,3.9790628725275443
2023-01-01 16:45:00,SuburbB,28.257150792084808,25.50218373561476,479.8647822288783,20.782874534837074,14.966470255236935,22.13159097019918,63.70759255433721,7.423584619318338
2023-01-01 17:00:00,CentralPark,17.05922172967218,26.376158820403013,355.0737626121307,21.0453226277555,12.339762034100573,21.759263717601808,51.35928516383297,6.663713738738984
2023-01-01 17:00:00,Downtown,16.602332560907744,33.6404199855726,459.6048725252898,36.07469620914142,12.815555380310208,21.525721070491556,72.43109472756946,5.852630361676526
2023-01-01 17:00:00,SuburbA,13.847284278259517,15.145295382199775,390.2666063016503,21.53314128508288,6.0845557928684215,20.58767636484078,58.667810077840606,6.160329809075354
2023-01-01 17:00:00,SuburbB,13.545205149846442,16.853403945692275,451.226840929034,26.479296771714615,11.82533884189883,22.26066851842345,67.52710644172558,4.768992110961071
2023-01-01 17:15:00,CentralPark,17.601985157750207,19.65299232151896,455.1642004982905,26.199581364028802,6.3098392303029325,23.494950097420016,62.43552365943581,4.6523334078503575
2023-01-01 17:15:00,Downtown,16.46248712672208,24.314058287536177,357.0678420991749,22.43742626066688,12.309533224819965,28.52240402655402,79.04331157756448,4.944870743599307
2023-01-01 17:15:00,SuburbA,21.767561812967273,33.47108007740253,316.6730185220108,32.13742297100296,8.122426095268839,20.41666279730049,53.091715003289785,7.527228526098818
2023-01-01 17:15:00,SuburbB,18.761200356737383,28.87742969516106,456.8726659041827,22.80570640413813,7.686277054757125,25.52021723766783,50.34417466127151,7.819901844003783
2023-01-01 17:30:00,CentralPark,20.733527329638804,25.679209191565484,352.501541194282,20.614854499120355,9.452902753397925,22.27627258299537,75.30501535902295,3.716590680966722
2023-01-01 17:30:00,Downtown,16.689367982987946,32.58458731851259,423.7638850256857,33.75344838364076,8.837731462531279,28.258784573310997,53.84822788060655,6.816486159362896
2023-01-01 17:30:00,SuburbA,25.006915244556428,19.149172744339264,340.4883321402905,21.01154089654994,10.880834620652486,25.261218443437482,58.376417270139385,6.836010378365327
2023-01-01 17:30:00,SuburbB,10.692273820620962,28.77259484495801,324.6719901512567,21.655680424790113,8.70091834247763,29.903754660282626,66.39923965813675,5.330464277891558
2023-01-01 17:45:00,CentralPark,24.680452986490323,27.009800438814338,414.1368035630596,23.05915723948107,6.5248135330604695,29.546375303179982,64.80856954310089,6.184993536478156
2023-01-01 17:45:00,Downtown,10.62443022449231,31.852385498861935,355.6745788381329,34.05681496472212,11.356841216852036,27.77944421986433,57.44553648801918,5.430464728302968
2023-01-01 17:45:00,SuburbA,29.90466178335525,28.565399075915884,455.0400968536463,30.408098915133493,13.531210667898439,28.360669836930516,55.94564887720472,6.282460779226911
2023-01-01 17:45:00,SuburbB,14.522372177774516,21.408355326040297,306.96564906420394,22.38261924544569,11.915288217273359,28.709518095704425,55.79373699000407,5.736583097960043
2023-01-01 18:00:00,CentralPark,15.796766883213895,22.000570157120237,308.157289821332,30.527148707172596,5.439051126458309,23.353416505897506,51.575499434826654,4.1378059718142595
2023-01-01 18:00:00,Downtown,25.04832924356799,16.058306335107563,476.3828071836857,35.78507020244564,6.451162447716503,25.57788475695743,58.81327380414884,7.041037005041894
2023-01-01 18:00:00,SuburbA,29.5736395463542,15.666758186159766,326.5853898429782,21.165681183887468,13.435266793635012,28.36146912664103,54.14062382689886,6.000794360343757
2023-01-01 18:00:00,SuburbB,18.013214214722602,27.003357233135073,340.6147105568271,31.080680319445293,12.62004295492504,27.703030513947766,75.97078193670751,5.842278838709088
2023-01-01 18:15:00,CentralPark,19.277612040265094,28.2063751982541,408.32190034349816,28.7742289322457,12.578701584695299,28.919358210545685,72.6025863013421,7.964871371016667
2023-01-01 18:15:00,Downtown,10.148310760755505,27.109602194327554,432.4551826305217,20.826720461952203,12.08892586526523,24.793058237347097,54.01701315291053,5.213667665628643
2023-01-01 18:15:00,SuburbA,25.630036910872274,25.69463573183585,410.7075631410157,32.77362983007983,12.730243856786025,29.6263551895642,64.59754933195326,3.4045318741630894
2023-01-01 18:15:00,SuburbB,17.732331051814718,28.81366893824115,436.33897612529984,35.833574659360956,5.922892911852898,24.11469884744304,75.31046264303001,7.443987673471124
2023-01-01 18:30:00,CentralPark,29.965294605933543,27.633753701107004,300.91908960433494,23.447586481366066,5.242914726803293,26.27033846365521,55.571600636131066,4.111612130543265
2023-01-01 18:30:00,Downtown,13.590201493013431,30.721390961698656,341.1775394654033,25.351795868634483,5.3362892474933075,28.50485685914832,76.39342189939512,3.778286518620823
2023-01-01 18:30:00,SuburbA,16.438692419581315,34.56779921546864,313.2272236863874,27.235312152700544,9.746547260087734,20.630906346014807,78.26098452138385,4.7779049792720185
2023-01-01 18:30:00,SuburbB,22.79884934856285,19.06350784580369,403.7344252043915,33.27895610410631,13.569183435731318,28.375138114288138,77.2266401607852,6.774977958536123
2023-01-01 18:45:00,CentralPark,22.215661015113945,18.4490779719386,313.5122107112494,32.44706692270202,7.199131756797229,26.528359870277903,57.23199203547227,5.819542707516559
2023-01-01 18:45:00,Downtown,19.877813801835522,30.743736054488338,383.4830425635938,27.174861866035172,8.843708247656185,20.274983999833022,73.02393980134045,3.3803332288763968
2023-01-01 18:45:00,SuburbA,13.117198520499116,28.702747882486992,319.78198828921563,21.978072219760378,5.02486697198325,23.666852108200715,74.8581548038847,5.639226060809705
2023-01-01 18:45:00,SuburbB,14.339180797627032,18.51178505900254,318.5419219973256,38.171132587719136,7.8991920558631925,21.541482934268906,50.61099752005073,7.846107564282413
2023-01-01 19:00:00,CentralPark,27.553376914616063,21.508184368584846,466.8217015939911,35.75742807192833,9.518490436498563,27.806115114461846,71.43908407473081,5.072229642214303
2023-01-01 19:00:00,Downtown,20.292168279030577,26.963131400599607,343.6807986951078,25.54365998880016,13.214228587866003,29.639538678877052,55.15367363131347,6.5499308668950835
2023-01-01 19:00:00,SuburbA,17.81220608296668,19.061561879184822,431.26588881628714,21.558249904487326,5.5119536213688285,21.8984507480425,59.64778727399299,5.538996848700087
2023-01-01 19:00:00,SuburbB,15.717001077203324,17.330895502273204,437.3517159487104,27.101989387685144,10.696187854023357,22.795844483878547,55.7012648440784,6.197026512473029
2023-01-01 19:15:00,CentralPark,28.824869571691348,20.515652433959705,334.7362224725359,28.15088857273684,14.575615918547893,22.179143072191437,60.11679435074061,4.721911072615798
2023-01-01 19:15:00,Downtown,28.719520860781454,34.952694643552945,409.0906867987925,28.69786559776029,5.266759478933899,20.731373623354365,52.70863152523268,3.260847942906291
2023-01-01 19:15:00,SuburbA,29.12532795612964,15.533782056742368,306.59539437403566,39.54611851619734,6.686897443336699,29.657248158875486,68.57794236539874,5.499059346326196
2023-01-01 19:15:00,SuburbB,18.337030246964698,21.047979979677265,359.8169406541471,36.29200638508016,5.900096471187407,21.947386927897853,78.02220903184411,5.625866004235103
2023-01-01 19:30:00,CentralPark,25.983987488237606,18.17767217872695,336.95821946317596,29.09594550856046,10.922386313488744,26.959113120126872,66.30561239334631,5.296058331920112
2023-01-01 19:30:00,Downtown,15.805676666665217,34.6879233050019,447.077760190778,23.76628430532344,6.016721939461291,21.508546381010547,75.26365341022121,6.496661918568891
2023-01-01 19:30:00,SuburbA,14.76206843263067,19.573434308985178,412.9458277045071,39.021407780449884,5.98895798069349,20.364808150623116,72.78290041980327,3.698446177012893
2023-01-01 19:30:00,SuburbB,26.73863968457448,31.14406127697108,309.8575277753854,23.83900965853218,12.749982439370978,20.123294688032686,75.10282971680715,6.729525294052589
2023-01-01 19:45:00,CentralPark,26.090340497536346,16.35354696228402,361.64107446608625,21.21566638800751,5.86396598036673,20.032653547723246,71.86451376474159,7.27298676444822
2023-01-01 19:45:00,Downtown,27.672101082289377,27.283668316942123,443.38875419360784,24.3959307438484,10.235787346612497,23.055450456173283,62.12764669790516,6.764328173706565
2023-01-01 19:45:00,SuburbA,14.036873671444482,27.089910617102372,386.81743647421894,26.962611368281372,11.212658199987512,21.90491215769786,72.24750839266369,4.444438585409005
2023-01-01 19:45:00,SuburbB,28.86889909700978,21.312620788179686,350.00092269475255,25.1421159217299,13.025534022200134,24.709914520616927,59.505619045623675,7.359498947656127
2023-01-01 20:00:00,CentralPark,24.994680108744063,29.677453492498987,319.9333010418145,22.278582089905882,12.330712265552268,20.73343210456737,75.0589140423537,5.136320953656363
2023-01-01 20:00:00,Downtown,12.993470582663543,25.03239847770916,322.30207110281276,28.86460918787655,7.606672961953878,29.65920106448562,59.32922434074797,3.6898369053705093
2023-01-01 20:00:00,SuburbA,11.96026751548162,23.18624218074408,337.07958851361684,22.14786249676137,11.42633398276707,26.235353421427796,57.4374204638353,5.2819572960815595
2023-01-01 20:00:00,SuburbB,28.341582115523238,30.055573666310014,462.3815383768041,35.46295371718491,12.019391459002804,20.678962896690013,76.25101641634504,6.459847180180105
2023-01-01 20:15:00,CentralPark,21.821901161284007,20.394593642003755,420.674090574999,29.675092295926163,11.707778426690547,29.464351352429734,54.637181803541175,3.1285123597434317
2023-01-01 20:15:00,Downtown,25.797923059021212,24.6501367702973,390.43304506292225,27.23456590325167,14.012855285086545,28.071893026300902,63.82271295202591,3.9524479918638757
2023-01-01 20:15:00,SuburbA,24.10142832968701,22.97806460598855,382.1964042741723,21.046981662542773,10.843353408386504,23.414753173267098,66.15343505995901,4.861261623139766
2023-01-01 20:15:00,SuburbB,12.552998284777638,16.029673485729482,459.3203863068202,23.949857953028868,10.009789770692871,27.227464861014,73.35617122126149,6.965167649510029
2023-01-01 20:30:00,CentralPark,17.860055864735944,19.315094116329938,414.9974537351539,23.271927041749358,10.178637067606239,26.933656259263635,63.118594837669455,6.473210191264331
2023-01-01 20:30:00,Downtown,15.575691517727805,33.016041642324055,452.560003582304,21.4791407813536,9.692146982329811,25.79377553522594,58.94357066440267,6.628585886789331
2023-01-01 20:30:00,SuburbA,28.77217613931546,32.64706046214478,415.51165075046197,28.267622798891452,6.407415970489414,24.638055592994526,74.75221375025734,3.2597760448251156
2023-01-01 20:30:00,SuburbB,12.621617696535441,25.11006371162638,317.57840137949165,32.186235530286396,13.67710603930885,22.566134199508276,73.84723873280254,7.7411161518852465
2023-01-01 20:45:00,CentralPark,23.2862693052591,33.68073094699545,487.94963173286834,38.81575359465182,9.513050705524275,21.422892861059204,62.39047567786014,7.704285980836433
2023-01-01 20:45:00,Downtown,20.715239489896558,27.18590094909551,395.17354414458447,30.880793432461374,14.884608110082176,22.630866648504867,65.16384121712068,7.262324837115659
2023-01-01 20:45:00,SuburbA,15.651576222726387,26.619823337345828,410.6620862874461,33.03539243899566,10.80404988774363,26.078381638861625,75.04041274410108,4.36424151943979
2023-01-01 20:45:00,SuburbB,25.104171708664502,18.900904166922764,325.74120487525954,27.476348673105285,7.134450137640437,29.349682864243377,76.40293445325793,5.4388328794374345
2023-01-01 21:00:00,CentralPark,13.530672415240463,31.560710752852234,417.1004731300132,23.86879142820974,7.263105256260323,28.877917968218824,61.697642113861086,6.631614086896459
2023-01-01 21:00:00,Downtown,20.894491319412666,23.714514844921297,474.6925047984925,39.2004134498836,8.296985634538991,23.739700780058964,65.77769592588528,4.326271062695348
2023-01-01 21:00:00,SuburbA,20.85777112003295,30.132789772067994,421.1818366186082,23.252926550299392,6.280384635342219,21.440716413669552,75.03685191806365,5.2586293093989775
2023-01-01 21:00:00,SuburbB,13.92103000057854,18.46286916709785,471.29464896739944,35.144902368967436,13.883241612170806,22.638623362896652,56.70039808728282,7.504158377813075
2023-01-01 21:15:00,CentralPark,23.739390144040055,26.780527707030878,439.53913682709805,39.92734914581688,9.148610246306777,25.225575493116164,61.06787398707321,4.418853555754008
2023-01-01 21:15:00,Downtown,20.203077924400525,19.026474106683303,372.9147632223982,27.441545812129906,9.420535395212426,24.03736046353569,70.11605771635436,7.962500342115439
2023-01-01 21:15:00,SuburbA,24.14038838139097,19.12499098490584,473.74706175071924,36.509776233729355,8.143998021085643,21.7601159926784,70.73918112308615,4.970672068842336
2023-01-01 21:15:00,SuburbB,18.081148565793427,30.036025506977204,342.29428214073675,34.30753020930843,13.022308024471693,26.338744781884337,72.23584228457358,7.113036341381664
2023-01-01 21:30:00,CentralPark,16.743546108545203,33.384581252838494,394.2360355008885,34.42149833564226,14.20496976043889,28.192386165413573,52.27751067494795,5.15931492769929
2023-01-01 21:30:00,Downtown,25.99823532464174,28.709328817335113,496.5901406863699,23.575099747760202,6.0116876144327165,21.471594638485406,73.08062294488587,6.731895675901672
2023-01-01 21:30:00,SuburbA,24.71041158268327,23.039580599052435,346.14364227889445,23.680704053613887,8.020686903095964,22.157418607161954,67.54385910809248,4.041948041579574
2023-01-01 21:30:00,SuburbB,11.351585464134233,22.146021528456643,480.7220283228751,29.236483315328876,10.863598445813874,27.488528862483143,59.87191612127549,6.558183370312559
2023-01-01 21:45:00,CentralPark,24.8797037404467,22.710723685360648,317.945202362442,22.795025279430522,6.357382154201829,20.98925758604695,73.71325571602476,5.254615398710789
2023-01-01 21:45:00,Downtown,18.560714389585396,33.31827869830635,412.7672619440284,22.098806990556024,6.773058984118068,25.61386022658882,71.3351552877386,7.498639445256334
2023-01-01 21:45:00,SuburbA,15.607522284116085,22.310942140833127,305.4642391140676,24.778222053673744,13.150242718906082,23.47083073306721,72.65538945362498,3.472628890402439
2023-01-01 21:45:00,SuburbB,14.813090862812366,27.568414125820304,484.6833659368075,22.8301239882541,13.190593965909587,27.508426300660528,78.40511717259079,5.1063685492190185
2023-01-01 22:00:00,CentralPark,22.33057777259321,33.13889323626846,445.40789764689,34.765668962908094,13.17427825625309,26.47693516451605,64.44999963246893,5.8267430334292705
2023-01-01 22:00:00,Downtown,27.447360877212226,20.70361612326387,397.399711507177,27.42606133186577,9.789000574138878,28.751081348508166,54.86042288586246,4.3070561774338945
2023-01-01 22:00:00,SuburbA,17.843855257983932,17.7622632854396,429.9038930277061,31.201103322221968,7.477562437089601,26.085207734309318,58.58598780722979,7.65837752887166
2023-01-01 22:00:00,SuburbB,11.324522219874247,19.259912411290014,452.71736264876074,36.78600414581251,12.649334601809585,28.744699316126407,58.79032345382227,7.454196319583606
2023-01-01 22:15:00,CentralPark,11.151600355642454,16.889763400134957,374.8266428499636,25.889523403713575,7.393852068531449,26.01649534404473,62.61994668948459,3.9291439907049313
2023-01-01 22:15:00,Downtown,22.14038840314966,23.82027973249249,464.5018176357074,32.17817206007358,8.491568376517641,25.283810910319012,60.3615127701256,6.287943396055853
2023-01-01 22:15:00,SuburbA,13.58798491239417,30.287341855799106,425.83427870915835,28.45188827841745,13.442922313035435,26.59769354707536,52.72133640704833,3.396656050051072
2023-01-01 22:15:00,SuburbB,22.854699564366094,30.358314783638825,385.32771887104093,21.133412976632542,13.140579983376647,24.976981044613193,58.34177912886483,3.9066791246710917
2023-01-01 22:30:00,CentralPark,25.383765633334693,17.86688859105868,410.97683033228174,38.11576914451362,12.101053408226527,29.742414699778845,52.10264671440246,7.965562792501716
2023-01-01 22:30:00,Downtown,24.49424634479577,16.948573150609377,310.7853255178562,22.810324424615885,8.31514865808569,28.563224008433636,72.04009714342425,4.953648919092963
2023-01-01 22:30:00,SuburbA,16.3240190278448,34.98929320184082,354.5708060582184,25.832778908924666,9.194280163613096,24.19426291386616,58.54002698501351,7.2077761996571885
2023-01-01 22:30:00,SuburbB,14.360275734018677,23.88937823130287,381.53360637087223,29.15412711972151,7.666433918879573,21.23393382843855,78.81136166858998,3.2319715056108826
2023-01-01 22:45:00,CentralPark,17.674854570507257,23.66793967782704,382.86546816747733,39.89944093094705,12.448531953819584,20.023850540312353,54.53574361053238,5.854324912234114
2023-01-01 22:45:00,Downtown,13.842189522562592,20.40589760947855,385.99927286892694,26.93676326229486,14.023343928082193,27.66034886120714,54.293914677315726,3.2318223633210774
2023-01-01 22:45:00,SuburbA,22.79377882527326,25.28641088627821,342.1925241208208,32.42047958241464,13.673495893843562,21.113170817168402,66.06695128217595,6.154548868158779
2023-01-01 22:45:00,SuburbB,28.735499555604193,25.902259183378114,383.55773510076534,25.19947827590915,5.869966839878321,28.323273650059853,77.02522186165729,5.555889593950746
2023-01-01 23:00:00,CentralPark,29.21103821015881,21.46577920632142,413.5438719630293,38.916315034466244,12.559712283741241,20.40387839383711,67.8659354564756,4.952012048892042
2023-01-01 23:00:00,Downtown,27.372416256714374,27.326958363214807,328.49255367497096,29.944985696492978,11.992638558018612,24.197484171225142,68.83358691447076,4.0023747250604575
2023-01-01 23:00:00,SuburbA,16.97954468565225,30.561694813569837,405.8250232270419,36.45204695346263,10.213477321993587,25.707544344732142,71.9253077378853,6.594712523679623
2023-01-01 23:00:00,SuburbB,27.555010721706996,24.93727632073231,406.15900523025795,25.450335567368885,13.708641286823063,29.087728561694455,77.96870797989482,4.800724849759325
2023-01-01 23:15:00,CentralPark,29.20008318064032,27.695849931902373,473.193514081849,31.38628453123645,10.305421821669148,28.571021894389773,72.23431133714068,7.593765824453032
2023-01-01 23:15:00,Downtown,22.000164960864886,22.869226035850378,366.56741737529416,34.07807384843019,9.165584089111631,20.562929447532802,52.775524498354116,6.847698398492969
2023-01-01 23:15:00,SuburbA,28.255339411399568,18.931047576782053,463.3390686427392,34.767802814305355,12.306621200336316,20.591597466608206,58.65867735216797,4.096599030805842
2023-01-01 23:15:00,SuburbB,19.91658363779424,32.07021591387259,490.2270104123538,30.974421617469417,12.510248503460836,28.02096001740022,56.75132809496624,3.308408505585866
2023-01-01 23:30:00,CentralPark,23.90502348261732,19.14973248803987,316.80298682812514,26.49017897854514,12.222504930641888,24.379972615967304,60.12801527575062,7.540161309636981
2023-01-01 23:30:00,Downtown,24.206031818404597,34.2192339719827,479.6404537288664,35.531413962492834,14.391915196374494,22.799167441306672,75.92575571233141,6.136847255294476
2023-01-01 23:30:00,SuburbA,27.538178600968777,19.211357428978747,383.5307451858554,28.21720717723123,5.542327857648338,22.90884874039435,76.50792477328608,6.195117177246515
2023-01-01 23:30:00,SuburbB,28.612074099117635,25.663468450519986,457.3074354745422,22.917787286520657,14.349996178872535,29.25921910642107,59.94173998243255,3.596608925671168
2023-01-01 23:45:00,CentralPark,27.187040447800307,28.34630976705341,494.6849636350348,20.323285039277728,6.5260130777500445,29.789054769717655,50.23411610899978,6.315678949127408
2023-01-01 23:45:00,Downtown,21.058263402424284,30.841232158986987,333.3658392354462,36.440065612383,11.393609079513503,29.671804224300153,65.66489401224939,4.7896526323823965
2023-01-01 23:45:00,SuburbA,18.06934903690832,16.357813634540555,374.9913813868079,26.212202004415914,9.470733866574518,28.81308316602186,52.16701844213143,3.2563981788919802
2023-01-01 23:45:00,SuburbB,25.89126459985663,19.327544533862657,389.22720165423357,32.68453212520279,13.692725725304808,20.68070903996221,73.46166754689304,6.610243088047236
2023-01-02 00:00:00,CentralPark,22.634656257774424,18.150107371211405,321.14766117677345,24.400714098365746,9.155396197249168,26.28805873811542,55.174461686598555,3.2153085611429058
2023-01-02 00:00:00,Downtown,23.904211975924706,33.892399430933374,473.19768858097393,34.874548576324564,11.721725610082242,25.194521518611168,53.58410194200059,3.3446445667059876
2023-01-02 00:00:00,SuburbA,29.538803300800033,25.867458706061903,353.78707560353354,23.162122578214937,6.017635965630013,22.019808424535924,52.13786672417459,3.1602342215629986
2023-01-02 00:00:00,SuburbB,25.28467123525126,25.485170328166458,497.76346880561914,25.180267547358852,8.342859537060114,20.18783527610116,79.57663218611496,3.9981796624402435
2023-01-02 00:15:00,CentralPark,13.902333541417027,15.954335101922524,372.51881220522625,35.19388102870427,8.29724065863254,28.973179590058145,62.83306416787674,3.6681381591151627
2023-01-02 00:15:00,Downtown,12.772544216286125,20.50506262992232,389.882981249954,30.46413000609363,14.928202247361257,29.734201232687866,61.843342022149706,6.291667797376804
2023-01-02 00:15:00,SuburbA,17.21807408411939,15.2314411911295,341.4662459060878,27.42431386048524,9.775974968500341,27.47623257607936,55.21447286592156,5.751182273223803
2023-01-02 00:15:00,SuburbB,26.718748682094223,18.565335193625195,497.71638569909953,38.019312531670685,6.026299181089092,22.411256969621665,51.689136378190454,4.684237464948231
2023-01-02 00:30:00,CentralPark,19.906519344253763,26.568674018749785,304.6017264540765,34.140092247104036,6.184528576920245,22.041061055187313,59.100097857932475,5.036709348805956
2023-01-02 00:30:00,Downtown,25.83476691477845,23.923706974526496,495.0287923846936,38.07111105341056,6.745082389401036,21.760600435071677,57.411787751529545,4.491946885814523
2023-01-02 00:30:00,SuburbA,12.841532989640477,16.990375328805964,434.86295552407546,39.53085755039764,13.065167033792768,20.901120336500043,55.23953002183991,5.287637181274135
2023-01-02 00:30:00,SuburbB,26.121342546983556,16.718001596436537,408.8217869597464,26.612891772720747,6.578202634303539,21.521362591172238,76.9113293148067,7.815755186931453
2023-01-02 00:45:00,CentralPark,27.78997157100258,17.5625697722569,491.65272922051923,29.528073002957743,8.668940125384054,28.1704839842765,64.01912517207724,7.920246479194138
2023-01-02 00:45:00,Downtown,10.216924097785117,20.60555998974421,481.87454403967456,26.56558756254687,9.577087256962916,20.101347606749794,56.046404583245604,4.204088482165213
2023-01-02 00:45:00,SuburbA,13.236058357619475,19.446798944291405,466.17792592670236,29.992127152365015,13.187938130624142,26.55260948760263,62.2111638205988,5.792058808380421
2023-01-02 00:45:00,SuburbB,22.710791899949676,17.329416235839123,336.19876302175635,20.695635083194098,12.25612497146784,21.43258543662651,52.31161227058482,6.247408025635882
2023-01-02 01:00:00,CentralPark,15.479757562521675,21.913267835215287,425.8287360587704,21.915974504580177,9.054025414113706,26.975752584883914,61.559757359510996,7.450868148524707
2023-01-02 01:00:00,Downtown,28.3603268821707,15.335370424825019,408.1611176429752,34.76569924506261,10.459463658679718,24.13560410140773,72.99826956039637,3.3759626827106377
2023-01-02 01:00:00,SuburbA,20.39566572434258,29.25102846688889,384.21088478315943,31.321430838137697,11.581970422475948,20.895365136415652,67.57235499279123,7.735584464614901
2023-01-02 01:00:00,SuburbB,21.758122453507937,16.9723984931099,363.6440269210527,22.86140698990701,6.255819182078055,21.86357719420171,72.06639844469439,4.618441615402673
2023-01-02 01:15:00,CentralPark,24.39682832811162,34.9525408946939,443.8698425725845,20.713905032378378,5.4102625189999305,22.33264568051377,72.18464993094167,3.3349046047089494
2023-01-02 01:15:00,Downtown,16.26961957511396,29.400420428501132,471.9150878761536,34.21479340585897,5.615738098344323,28.832893446783242,63.28791256143193,6.488176510606617
2023-01-02 01:15:00,SuburbA,18.807493557025076,23.789308349217983,344.6029480326365,21.885164447592185,12.490826518199965,29.20732782431095,79.27616952918552,7.919858776412788
2023-01-02 01:15:00,SuburbB,24.83710499013617,33.8736743636022,359.5926380628295,35.65797353038931,14.232300557730893,28.97051633218041,61.3134765402976,4.817054739315836
2023-01-02 01:30:00,CentralPark,24.015735252303102,15.824020660432662,318.59607296725466,35.958209497756386,7.814165070711398,27.869082412514857,59.80013509801655,5.915812491066662
2023-01-02 01:30:00,Downtown,19.491272919583377,16.955546749190145,369.8624502335433,27.74315857275319,12.724577257247011,27.89061429039802,64.60923142249513,6.868903079739683
2023-01-02 01:30:00,SuburbA,19.928528126496875,20.667577783038958,479.7322117789075,37.934990204522634,11.08897898390887,27.15211117303132,56.481690569901744,6.84412243186855
2023-01-02 01:30:00,SuburbB,16.841568683040276,26.20615431479912,404.68222466944445,29.792392577250993,6.623580710567688,26.516570165284783,73.48197383011083,4.894494986184438
2023-01-02 01:45:00,CentralPark,10.482168840746851,18.162617860483124,387.86874186881516,20.14504656253193,5.399567014552634,25.29329561980717,73.70042962147022,6.281936336100554
2023-01-02 01:45:00,Downtown,24.026791258690878,22.32212110248186,384.032611987778,32.371706935421244,8.326071292975712,25.982194553360266,76.7647054442389,7.3001814585075895
2023-01-02 01:45:00,SuburbA,20.998415449492523,23.800836276399963,431.1522714457684,22.544683465057403,12.718258200192693,23.830201830918178,73.70555149189497,5.5412387274962995
2023-01-02 01:45:00,SuburbB,20.60992091861103,30.397346452165795,306.3746320260048,26.379146762134113,12.198359115371165,24.54046795450628,53.43987008580897,5.968963406816139
2023-01-02 02:00:00,CentralPark,24.812015644017407,15.791907843697889,401.3173809195168,20.643593969983673,10.93740697812944,20.09999645912263,54.18051248688941,4.519172985930527
2023-01-02 02:00:00,Downtown,15.078966144544601,21.92547215916539,359.29726855576877,24.960802719778627,7.524135107422768,21.110467403193514,50.12021422278036,6.328944887173938
2023-01-02 02:00:00,SuburbA,15.817304845725854,29.489774397554918,498.2305780243502,28.077999060801073,7.791280741691673,23.004361601060083,52.485196460908625,7.273318256570063
2023-01-02 02:00:00,SuburbB,29.085090794497372,33.91017936899446,328.9151830036648,24.19955629058149,14.604689684877926,22.22356175469885,72.75757214747222,3.621730492515484
2023-01-02 02:15:00,CentralPark,24.7463174467605,18.4323637644541,399.6543538832294,25.151526996562446,7.376786786827925,22.466466336542304,70.0372046131706,4.402808194304926
2023-01-02 02:15:00,Downtown,18.408155154834013,21.56656761781622,492.2983121802176,22.753550182035156,11.019171039034951,20.221520724466878,70.44916802523124,6.950988500675601
2023-01-02 02:15:00,SuburbA,29.003017864355392,21.35477610231694,317.3259854584635,25.463056562371058,14.779033618176005,25.364325074323144,70.30928269878582,7.151261059970878
2023-01-02 02:15:00,SuburbB,11.750774563171095,29.962825489585768,368.1562156494417,38.60218401574312,14.72507162406282,25.741309321600383,55.367390118155,4.1008614242758945
2023-01-02 02:30:00,CentralPark,28.306989629947296,15.871755896104053,390.15513409726253,26.776375305769157,8.745835875497866,27.4087670984244,61.731121843039375,3.540559570874735
2023-01-02 02:30:00,Downtown,11.679883846663689,27.61577676879307,323.9252542379005,34.123082730314465,11.07532976129641,26.38165007827849,55.65218358174582,7.296964224458909
2023-01-02 02:30:00,SuburbA,20.264367087615852,27.227376727184804,354.2397716449094,29.607707122561848,8.633776939401237,26.331779245193776,78.02172689574687,3.5998372780589385
2023-01-02 02:30:00,SuburbB,14.762883401162627,33.40443379198361,409.8237126712784,28.88876667620543,10.536812719565377,29.736857737808954,69.1206561865435,5.7223075622991715
2023-01-02 02:45:00,CentralPark,16.899957785085114,32.01396452508756,460.5483675167435,29.420018541671492,12.141044151978985,26.068692806427414,75.81586531277307,4.566741151472935
2023-01-02 02:45:00,Downtown,17.13857982419244,34.73076512647085,393.15237247619405,22.052103529326942,11.043866592308756,23.13933120846302,75.76055555572869,3.261800065960726
2023-01-02 02:45:00,SuburbA,29.788473661811977,28.48838515567769,353.2474472104638,21.98320696248314,5.508495729249201,29.744106763093594,77.59499478581441,6.589756317628501
2023-01-02 02:45:00,SuburbB,26.535749543752306,23.012690808947266,438.1407982815893,20.804044096768834,11.325813886468232,23.09961746532457,57.05755357150706,5.375509041698002
2023-01-02 03:00:00,CentralPark,22.463150478261184,24.15414252524098,335.45637002141336,28.53396434299568,7.848588776796573,25.107396912679008,67.35049563376035,5.968585456327926
2023-01-02 03:00:00,Downtown,11.530237487671576,27.270375754914166,462.4520499971715,22.611846452970646,5.173033095572879,24.7333002224008,63.06262265295507,3.458711966769996
2023-01-02 03:00:00,SuburbA,12.189925289427375,24.654831388255324,338.6267549128533,31.772092847793914,6.703285411587329,28.182291007671555,50.57177351333438,7.801815944284994
2023-01-02 03:00:00,SuburbB,25.309642168993406,28.162759662095986,493.963647739891,22.956042185827577,6.77459844203038,29.171482048806705,73.93001303137052,3.8774532608850545
2023-01-02 03:15:00,CentralPark,24.6256551853635,34.159787553841625,337.7392595812076,30.312875642682513,14.949176554586035,26.020250166158892,50.86023933051624,6.617538952669517
2023-01-02 03:15:00,Downtown,22.076446877705035,17.19961572308193,440.55800795590505,39.30762832016292,9.774685684208972,20.857417100035555,61.984951441763506,3.3032762479148294
2023-01-02 03:15:00,SuburbA,10.193044721112477,34.48711323487526,497.0523251065176,21.52934335440365,14.498600798238572,21.954887208256743,54.75409472242547,6.7726427440459025
2023-01-02 03:15:00,SuburbB,18.932110095677228,16.701655214512765,430.02018217993634,27.617087229886558,6.019953376259782,23.928166652184217,79.57736748163032,6.453015008721407
2023-01-02 03:30:00,CentralPark,11.63167235720142,20.746078302906266,430.4558304635068,28.731630934903343,10.83844169139407,20.241850984051457,64.19469064642172,5.865148959570891
2023-01-02 03:30:00,Downtown,27.344591973431356,22.73093090647442,453.35682491925945,21.54464286110694,10.782927713408327,28.244304659469584,65.86508124055082,3.028287845205608
2023-01-02 03:30:00,SuburbA,19.01599578173368,20.09761601567839,379.13800407022734,26.08279465750153,9.316306331128317,26.509962345163032,64.06484701316528,3.2431530883645774
2023-01-02 03:30:00,SuburbB,14.389676731914312,24.368494118700035,398.57235397733797,25.72721669463215,13.707691901493888,24.400918922692995,62.01276420421885,4.689674479549654
2023-01-02 03:45:00,CentralPark,21.266441811606143,15.752925598881593,343.1220265127331,36.79105208864415,12.487001653211166,25.623168956009557,77.67745796002612,4.563229106966741
2023-01-02 03:45:00,Downtown,10.82921111663326,22.742426558370084,347.08606312750743,26.329304385979192,9.855486098038138,28.2201223677142,58.251858361194024,5.0457159962401485
2023-01-02 03:45:00,SuburbA,11.40489516343759,21.699626891939914,329.55209046385187,37.80726029720989,8.166443700443272,29.36828953088378,66.91636768133944,4.2364093954603135
2023-01-02 03:45:00,SuburbB,16.82183647830521,21.177354160098766,342.2362407967726,39.039305154127305,9.002024496982859,29.840115539934065,55.0537310748722,7.42710695444747
2023-01-02 04:00:00,CentralPark,22.392597984257993,22.39643533395305,446.6462328840936,20.014964769103415,6.806765198817757,23.611348768202987,62.03070314534848,5.051508377805847
2023-01-02 04:00:00,Downtown,15.17582711727188,30.550748718678026,498.2656048158499,39.2678077833712,7.152875576848201,20.053535347220578,76.21152269428592,4.448111924898394
2023-01-02 04:00:00,SuburbA,23.920902075537718,19.05679122356917,336.4471088191361,36.42554919516986,14.311823115208501,29.54063165939477,67.02122614932566,5.86197826373968
2023-01-02 04:00:00,SuburbB,14.325246486893228,30.565330859724902,364.01688110337307,35.02830421925033,11.226828750092864,28.45780171408878,70.50130228969272,4.257100268137874
2023-01-02 04:15:00,CentralPark,19.570164115203163,33.431291423856415,437.8886593848079,24.50541537165026,10.347851467646105,20.869604097683187,57.678005595059865,3.0366846234824574
2023-01-02 04:15:00,Downtown,25.893076350277358,33.417298477062715,434.9684558958042,31.02191542039833,7.90638481906936,20.36166849593778,61.984932540556905,7.126790964617872
2023-01-02 04:15:00,SuburbA,11.57617959921739,20.514660273547655,338.46439697865486,24.750408680928885,9.905388284174585,25.127652492520873,62.441290409715364,4.0289963303824035
2023-01-02 04:15:00,SuburbB,13.699077953157728,23.053936822999816,436.7080785778978,29.159523167005936,6.083256429683425,29.294504078549128,77.10855250858441,6.943737271945771
2023-01-02 04:30:00,CentralPark,27.438914280926237,24.563146536691754,427.5805992190647,37.03024044166054,6.740553031137142,24.74080458025928,59.57437058434911,4.927580784566064
2023-01-02 04:30:00,Downtown,21.16844740311207,16.14625315165597,467.31088967190396,37.112062298926126,6.949826035845636,26.93306421401605,52.456008448537375,4.892468219485411
2023-01-02 04:30:00,SuburbA,21.446468447417526,16.943642515987662,439.2372191729596,35.799162310443755,11.69716279885693,22.903179985445924,66.82496869122568,6.055035622945162
2023-01-02 04:30:00,SuburbB,27.785657072259696,18.361139801314682,396.3857033907103,20.250830835368152,6.103934423547141,28.422732919362783,62.01157488973087,4.565974271691102
2023-01-02 04:45:00,CentralPark,23.602475753524978,15.502511628412028,491.68592416593253,21.51677324182315,14.73315305004961,28.369070218916917,54.759911527881684,4.002737511019076
2023-01-02 04:45:00,Downtown,26.253301506683947,26.773001989178397,404.24483348064564,35.01772918972998,14.36588649379802,26.184597401768364,77.40862185974524,4.947706690016279
2023-01-02 04:45:00,SuburbA,17.58216600888557,21.729588197907972,304.429424902284,21.31158017058202,14.607849672116714,25.86043820184755,68.61099924503681,5.976441114639554
2023-01-02 04:45:00,SuburbB,28.1715759710564,24.90068564914331,469.4296303971872,20.88703241724226,6.024957829973484,23.17303931410281,75.63625051046454,5.057205526491626
2023-01-02 05:00:00,CentralPark,26.4255145523223,28.385336009559452,392.02818029664996,34.35580791931892,9.76509088143272,25.275211292245423,52.684378942230836,6.13732663685139
2023-01-02 05:00:00,Downtown,15.874572486199925,20.78055229202935,364.5700926060299,29.930801690749004,10.838808645490094,22.969506780955133,61.80414540598662,3.5937116225028256
2023-01-02 05:00:00,SuburbA,17.62501669321912,19.734190960468133,464.40502407077645,39.691646381244865,12.226317906441608,20.03856427801235,50.97710729688924,4.470640444761602
2023-01-02 05:00:00,SuburbB,13.689723897375446,27.507602901124013,453.4458426804533,39.87857276921936,5.611174866034009,27.71729934469841,55.41685052660141,4.839965976413801
2023-01-02 05:15:00,CentralPark,27.591034806763158,29.657553090855554,317.873520818077,27.445616262207444,12.488711876050496,21.40730192048781,64.8293855318904,7.210791221420553
2023-01-02 05:15:00,Downtown,10.140538556140463,18.491345435293574,351.09644106265216,35.687678484225785,5.777918681967024,20.2301289823169,54.457389943778985,5.870278789144784
2023-01-02 05:15:00,SuburbA,21.260355363326696,34.30837962365753,464.5971476063644,35.26475066535082,13.15432261902821,24.369378297880107,72.16495584613142,6.4241404028282485
2023-01-02 05:15:00,SuburbB,28.460141413792865,22.648589467132204,456.7700581113585,37.800788769249635,13.565375941341527,23.160665879293333,59.81273501420873,6.7653101542037435
2023-01-02 05:30:00,CentralPark,19.87221731601057,23.155879536596338,391.58815215777724,23.2061410386709,5.480288859305017,27.977892680242128,60.433456275619285,6.1418289731157225
2023-01-02 05:30:00,Downtown,13.66944261915477,30.870019910132218,319.7075759239724,39.17654654674561,10.191017289555774,21.69423714027326,70.46874849497532,6.807152170736012
2023-01-02 05:30:00,SuburbA,28.480374766895917,29.178446461859266,412.13855293261537,37.95792704400542,8.069700816218486,28.58277829417689,53.56396897276715,5.487330536256245
2023-01-02 05:30:00,SuburbB,11.748568204275035,30.788867746948377,454.58812404643845,34.9490976437822,13.981215595848054,23.609240364205867,59.27237910807702,5.639857865025073
2023-01-02 05:45:00,CentralPark,15.2460075794218,16.57969918612223,399.3250857920792,28.843272496941033,7.603557049356704,27.911093797429686,73.61622557026413,6.814495003764227
2023-01-02 05:45:00,Downtown,24.230948865201267,33.856264702782546,344.1566568107149,34.83520325163055,11.001447937479316,26.346479886030355,50.025281572577505,6.692464845403162
2023-01-02 05:45:00,SuburbA,28.51032760047499,20.69036766911176,478.978157485572,24.21376880639342,12.872913616223817,22.14451722302263,58.711399050910295,5.026962018836522
2023-01-02 05:45:00,SuburbB,15.638173782904822,18.28484570323226,418.6036718877426,22.422305724210297,13.886819274823356,25.859139375758716,70.70607372450752,6.25136648766456
2023-01-02 06:00:00,CentralPark,29.911252890155243,18.653148819260068,316.3026845856022,33.26212533078625,14.5698948691524,29.33176016525153,78.71355880108082,5.5064008148138175
2023-01-02 06:00:00,Downtown,16.582647592409202,30.63461994811592,439.7190872426843,29.125296329711446,5.386414739754942,28.346103014433496,60.33787196844553,4.525227957728166
2023-01-02 06:00:00,SuburbA,27.6956281485444,28.061934995517213,352.872584522929,29.966706822285122,13.409630740062772,28.249157107036766,62.18386930720956,4.862161637281714
2023-01-02 06:00:00,SuburbB,25.53513328120132,30.36865712525609,428.8936654462273,22.31216232377036,10.40955652119113,28.7213859763863,64.14542236218125,4.3596661698279355
2023-01-02 06:15:00,CentralPark,13.653226210921115,23.858838772777492,472.5906683658469,28.432118223305658,13.267619039793047,26.316141581619256,66.82079672275174,6.503856705456911
2023-01-02 06:15:00,Downtown,28.36225999140599,29.30472803346222,322.4972498713135,30.10595261175588,10.283234974120049,24.918998671633112,69.44697572502938,7.971153592238587
2023-01-02 06:15:00,SuburbA,13.084397159170498,32.69506701901892,479.1386094076626,29.252275495932494,14.23483882704874,29.003776578016474,64.19287866317053,3.985125508682152
2023-01-02 06:15:00,SuburbB,15.12852377906037,34.091966103253746,423.9184851183394,27.086209935690423,10.781026817033931,27.707799708334704,71.8179850102132,7.955878948821081
2023-01-02 06:30:00,CentralPark,13.577160774022293,34.65375793694911,386.8355970017992,35.91732749151589,8.701433726096969,21.604851282099276,79.62839012056196,7.3458466142375105
2023-01-02 06:30:00,Downtown,17.357927397390398,16.740154182561472,427.74688883346187,38.15873874269044,11.286353259839998,22.230046707659703,66.11167153849154,4.664512560318816
2023-01-02 06:30:00,SuburbA,17.935566076623864,20.913342062617374,373.4708946866813,24.695224422400454,13.70448769790978,25.801242034223623,77.0518906229945,3.6328212759938756
2023-01-02 06:30:00,SuburbB,14.421881663337924,16.431688407813265,479.5898370101147,29.599113436702105,11.393219373141427,26.395367542837445,57.34892553737757,6.058966578510527
2023-01-02 06:45:00,CentralPark,22.621321155835393,34.390975504197236,494.24217299834254,22.11122013293316,10.803556891203156,22.798533400363,58.462593296986356,5.613141476897362
2023-01-02 06:45:00,Downtown,14.566165376565351,19.319971171293176,354.50128052941307,27.474141212926895,8.368442837008047,25.516859283319718,69.87120317485869,7.737239179263829
2023-01-02 06:45:00,SuburbA,24.27479913553322,24.836104385922212,468.6178107135445,37.122882922017794,10.014817918820707,29.866027213368362,78.0566955899596,7.908835377891288
2023-01-02 06:45:00,SuburbB,18.46754906831994,28.76045455049501,433.7821101966114,36.28190945323555,9.792441355008782,20.085392450361507,75.81174257900597,6.384556102091441
2023-01-02 07:00:00,CentralPark,26.881261076116463,25.657871700863254,412.0254691864401,33.34792285258827,7.431101201401829,23.829879217653595,74.47601006673025,3.8156754610311365
2023-01-02 07:00:00,Downtown,22.585432143072325,34.45056729298585,401.95768171433616,32.491743435749775,13.84763044049694,20.118660518413577,77.18437693034927,6.798806432305289
2023-01-02 07:00:00,SuburbA,23.653809923577064,21.2226767144266,306.2746458657703,21.430858333498136,10.952704612347368,27.11395682743095,63.020758682712135,3.49582725135574
2023-01-02 07:00:00,SuburbB,18.649560949303815,34.95797991018658,434.5201506447006,36.325722815997594,5.551354600391829,22.802952028369752,72.73186357056468,6.232441213458783
2023-01-02 07:15:00,CentralPark,18.05042700675532,24.9166747896543,496.26540686267344,23.82596773565352,8.061987225533166,29.85270362305422,74.39916704765749,7.539688088659128
2023-01-02 07:15:00,Downtown,13.175311557156524,18.884403570543206,356.17684776193573,36.917552270613314,6.850673309973706,27.304745132256244,77.82642004698778,4.888762494182007
2023-01-02 07:15:00,SuburbA,24.326187011592445,22.552120849114672,312.20490125130965,24.312710429166003,11.728392379081237,29.11003774134992,50.93769227953004,6.920121492285247
2023-01-02 07:15:00,SuburbB,16.402418393797156,15.409466603842663,413.94184714135423,33.43408336723207,10.642204478156803,28.1235066258011,58.95949359097796,3.2944744920771543
2023-01-02 07:30:00,CentralPark,27.46430195030136,17.905131495856924,459.7710138862316,22.431428545768224,13.127103639798301,26.81951644693254,57.00466468975466,6.248983337874316
2023-01-02 07:30:00,Downtown,22.124495974910573,30.106426001887193,434.3160864381125,21.757813277546052,12.045957994416701,24.330124485989177,74.26141629909974,5.221089159315515
2023-01-02 07:30:00,SuburbA,26.147392487496887,19.514678709468807,378.6252264104712,25.838293143188345,11.6149448533249,28.915133209069324,65.05009307218725,7.339053533158934
2023-01-02 07:30:00,SuburbB,15.98653432519553,32.207332184752595,463.4976799488985,29.002883900569024,8.864846969417409,24.327215320530513,51.71999932893896,4.298612951221795
2023-01-02 07:45:00,CentralPark,26.846268662913214,15.638872549657695,336.2308137682087,34.00526057835201,5.394569811572617,29.561151204035554,50.543487075299396,7.296899534960475
2023-01-02 07:45:00,Downtown,26.321458541189063,33.92206944837066,447.5015140484705,35.05540109607811,8.369790255663608,29.18452237050171,68.03904886914155,3.472390799881296
2023-01-02 07:45:00,SuburbA,23.498563004639273,26.04762444021358,326.9170526878546,38.62163933118764,13.42665480116677,22.735929384979052,78.81743077423275,4.697787693750414
2023-01-02 07:45:00,SuburbB,19.556959317010637,33.806426872258996,444.8380671229755,35.06758610494877,6.433013541674989,20.965217185737714,67.30523540476679,3.172907994644454
2023-01-02 08:00:00,CentralPark,13.130998962050576,23.78478551786113,314.5043426658372,30.246474799432907,14.386865002260413,26.38005018119664,66.78615696828719,7.7339654782135785
2023-01-02 08:00:00,Downtown,20.45947346026518,17.756622071491968,417.9369138868407,20.208160218401797,7.469190302425898,29.887910942645092,65.6925374332779,5.274628717724186
2023-01-02 08:00:00,SuburbA,18.688132724107298,23.162760676548572,345.3416199272672,38.00230774668171,12.822985462442277,27.56418906093067,67.0742779333765,4.490044498256021
2023-01-02 08:00:00,SuburbB,28.61659900842442,19.981085174447642,451.2040803323623,24.926424402665642,5.561429936145361,20.5729310969145,70.0501525114878,4.293703934129381
2023-01-02 08:15:00,CentralPark,24.761236448005107,34.7822774057673,455.88211580730706,32.13403368800761,14.535181191719408,20.53525457666678,62.6097475839458,6.658764919543207
2023-01-02 08:15:00,Downtown,26.865314286861004,23.904147709724732,454.40693569229677,26.334217370722833,7.6882695677371355,24.00178784109955,73.10253751936021,5.416777284831888
2023-01-02 08:15:00,SuburbA,20.641666898331057,23.94352735254241,334.83016511611635,20.939472794656556,12.018753071829327,28.179893137190867,67.34862306182248,6.203526477435291
2023-01-02 08:15:00,SuburbB,11.885254265915766,23.577049683110946,358.1964743273074,21.60430082223028,7.542068974806236,29.806569728793534,75.56041342730065,6.093545202100308
2023-01-02 08:30:00,CentralPark,22.82077679553133,17.77031559136396,373.1341306969017,33.95417568536699,6.6330785923237965,20.403244739587358,62.09562586409103,7.97296381955222
2023-01-02 08:30:00,Downtown,18.331777234874124,18.59603924894759,492.58890329007363,25.89622908351572,12.238031428846487,23.9981759363669,68.93895954207153,6.783522687425004
2023-01-02 08:30:00,SuburbA,17.73581627211246,25.26277060238378,430.6855656638837,27.82604237553511,13.643651872112372,25.08326821471335,61.860556390000724,3.905509586491645
2023-01-02 08:30:00,SuburbB,11.59678453200964,23.180687340520322,437.51488507925035,29.497760151571807,12.85950739486532,26.96418730819197,70.10356154739063,5.591894533370376
2023-01-02 08:45:00,CentralPark,12.842166616327326,29.93956525577619,353.05282103813397,28.763443954175646,6.989379203850663,21.424212003526378,73.86894330798498,3.04429613478806
2023-01-02 08:45:00,Downtown,17.92138526361103,25.273614193331476,410.2163942895893,35.64210355567797,14.614196989804553,28.333616434249944,63.52175702961415,5.461314490262825
2023-01-02 08:45:00,SuburbA,28.309322105322078,16.634320001277363,311.6243746228378,38.78355872949902,9.975844489574682,22.03233657481016,56.82400129385529,7.139646316378822
2023-01-02 08:45:00,SuburbB,10.755392781333708,31.432359498946123,387.49118713765677,25.319956581824357,14.532199134900397,27.68882044663124,77.48437357654686,3.055112479368829
2023-01-02 09:00:00,CentralPark,26.154103658127383,29.399857760843595,437.08145617554385,29.06977322898781,10.507127879434577,28.79073271456253,64.29989551978198,7.935863677961748
2023-01-02 09:00:00,Downtown,23.896628249881132,33.398514466586334,342.8399676410081,28.311937329671057,14.981086907007178,28.0932025025124,78.32318905064224,6.142109031649408
2023-01-02 09:00:00,SuburbA,10.304486163733625,27.65415959816509,453.82322718137675,25.09897586357108,5.762939851412855,27.255458672759467,78.18230854655694,7.18959655946134
2023-01-02 09:00:00,SuburbB,25.00534009136422,34.44277725690858,454.12212142637867,31.24154102860235,7.72845642112528,24.911278647410953,72.11844228965134,6.849580665406133
2023-01-02 09:15:00,CentralPark,16.188155072193958,25.950529028372312,412.8694609730979,31.18948407158385,10.012140125396545,20.989934335293164,68.88080223669496,4.928155909964371
2023-01-02 09:15:00,Downtown,16.708157813272173,33.43472528900017,382.9676131390905,33.42676958332197,6.904651356632564,27.71180969930341,72.23159962430029,7.717181357243005
2023-01-02 09:15:00,SuburbA,24.031259879309708,33.241403782381354,372.08999192969225,22.47050847351243,12.839945949068584,25.315815515316924,59.432896172491496,3.282397101923331
2023-01-02 09:15:00,SuburbB,25.222367713689597,17.842191697875776,315.8084161013945,28.593747558522466,10.909442746787946,29.36331841392724,50.00094130061874,3.4389830346698687
2023-01-02 09:30:00,CentralPark,17.995141906281503,27.814355845122886,359.8854429336037,25.562235437246606,5.169507441429429,22.13140776942204,58.829671081654936,6.825225651848748
2023-01-02 09:30:00,Downtown,12.260716164206567,19.65070928925607,455.13522742043756,26.547671972531028,8.580276294126545,22.52640618586547,54.12994568667574,4.54662619453215
2023-01-02 09:30:00,SuburbA,22.44723514974349,22.0114604194659,346.42779136897747,30.50133568635136,9.55457572089882,24.193295722231685,70.9579086021001,5.161321667493602
2023-01-02 09:30:00,SuburbB,27.8244465637888,20.226430885360845,323.6996969637194,27.395219140772696,7.185298883241056,22.445640050470125,54.616857196261364,4.770183825939986
2023-01-02 09:45:00,CentralPark,17.008219555649614,30.4795298621778,417.1234246714613,23.983988075192574,10.033673795733351,20.983467918276293,58.91617340290117,4.8507611904469705
2023-01-02 09:45:00,Downtown,21.830566371280156,23.848562357313757,437.376931480741,21.26204349272131,7.136095637155093,26.88732332773112,67.29473600829007,4.275543710378118
2023-01-02 09:45:00,SuburbA,10.747609130304172,16.337229411463213,316.6125092818757,28.990100937463158,9.048820871087685,29.727354399218196,65.13027614853976,4.718726663948764
2023-01-02 09:45:00,SuburbB,18.761040032482057,19.85434559529299,464.17218885133934,37.9272762218722,13.354380196181046,26.11422289029973,54.24293840112977,7.203847885288592
2023-01-02 10:00:00,CentralPark,10.471801577398427,25.983707323735562,380.01903549446945,28.759202548332798,8.433387512776136,22.333138195398444,72.23174790956891,3.8664472276857187
2023-01-02 10:00:00,Downtown,15.862113052967818,27.27219574895081,377.42183172103773,31.466073216681167,9.943746452412823,25.456163938860495,77.15139790527749,5.505503684799573
2023-01-02 10:00:00,SuburbA,23.668083922400612,31.089373903462963,383.7679178695928,36.30618392816988,9.231345791092226,24.408028016088274,70.39686606677849,3.108108907812788
2023-01-02 10:00:00,SuburbB,13.683710527967872,28.955592923582373,419.78166239793654,27.45576521582972,6.454470999423289,24.41253967570048,54.739568967698034,3.4788047343333055
2023-01-02 10:15:00,CentralPark,19.45961234006689,28.105495940451643,467.7454329923629,30.278785747005735,11.180266347351967,22.52785920278467,64.05118716310261,4.8039012265355545
2023-01-02 10:15:00,Downtown,27.248511100165498,22.199810015498883,427.1134618101317,20.54392040564175,5.115528202852434,28.026671353316544,52.78455186897496,5.729072417309922
2023-01-02 10:15:00,SuburbA,13.257053352730185,33.818483706403086,495.39743300354564,22.13732494368076,6.414543255565225,23.001346935934972,67.35778233060037,3.8191076997148246
2023-01-02 10:15:00,SuburbB,21.351480439491862,27.444158398961143,465.1142263731909,38.61750718788634,10.022062533806496,27.513057373724244,54.99490914968412,7.666658020560454
2023-01-02 10:30:00,CentralPark,15.240144162734026,26.463260067504994,481.4392494175139,20.58030447072332,8.713572639537986,29.019868302163268,55.37740918375724,6.0801829948253
2023-01-02 10:30:00,Downtown,21.747482005749504,18.46799838416423,346.3266457780844,32.05166513387012,9.204004175498252,22.907900969063505,53.175697932326486,6.537492093099619
2023-01-02 10:30:00,SuburbA,17.10361099827371,22.612634927157316,372.1482996403828,30.927667646272468,11.59167345259609,25.033211462161816,71.30301947006352,7.089441830176954
2023-01-02 10:30:00,SuburbB,18.215672649332607,31.54075211699116,345.39479456420895,36.49136431136791,5.094975282573562,29.28679185118716,51.94962857777232,3.794650943067859
2023-01-02 10:45:00,CentralPark,19.34215462761675,30.827850716995133,354.80419545811014,35.97684259185239,11.497147094110119,25.68966548071628,50.150943758182024,4.013410475638009
2023-01-02 10:45:00,Downtown,14.342325635094102,19.292400262922733,315.07103946703955,26.020016122907734,13.004954418695092,22.047539121110677,51.04956161194911,6.222717757521097
2023-01-02 10:45:00,SuburbA,22.853064937011474,27.034592659470484,372.9863925341945,30.445940010832377,9.503818735280062,24.991083217724146,61.531153829801,4.025436236086339
2023-01-02 10:45:00,SuburbB,29.55015875629476,34.75280452258339,377.40701657350655,27.149840884104513,14.019176797942759,22.563683719392582,50.535766960564004,3.243469454979799
2023-01-02 11:00:00,CentralPark,19.887413468303258,23.202289132573156,472.638714843323,27.45822655001792,9.39795560157949,26.770482459833996,64.67254539245373,7.505269986551314
2023-01-02 11:00:00,Downtown,19.07347873313975,20.952874029661828,397.3020527261916,26.772787396151855,11.668013899569498,26.410557603269442,55.022878953146865,5.8431953395423415
2023-01-02 11:00:00,SuburbA,16.76745633646179,27.931918332823948,413.3303591089093,39.883525765986676,7.7927846568741135,27.97930512328715,64.09257262761443,6.158996650906469
2023-01-02 11:00:00,SuburbB,26.521159131155255,16.294945332496532,361.2135079868317,29.798203454305913,11.758720561595844,27.986725319505354,77.41019774009732,3.033216279915406
2023-01-02 11:15:00,CentralPark,11.29457445595805,31.877056299178218,304.4149206444182,38.25708728513082,5.572835485476926,28.05023495412011,61.08466259457982,4.756018245664862
2023-01-02 11:15:00,Downtown,27.87244105370917,21.14876077919698,485.8748454909025,32.68408656761883,12.577083728008489,25.308645822559825,60.77291394453516,4.675300761469631
2023-01-02 11:15:00,SuburbA,23.892332492398012,34.430507874167255,365.41827181476947,21.75136491640238,11.331400217823894,27.651678621891058,58.35661802655387,6.283932125385958
2023-01-02 11:15:00,SuburbB,16.653869640892978,22.617740785936654,410.63211226014795,32.792891609738845,5.271497831310615,29.54709186308769,70.88801729306917,3.120781870398152
2023-01-02 11:30:00,CentralPark,26.566153774394234,33.93690607317353,403.83929372668655,35.73976226643323,10.52170131821116,27.606340747961386,79.49471514443613,4.097804373285802
2023-01-02 11:30:00,Downtown,26.298422205928453,19.96185521290195,463.9913698465853,39.04863830241031,8.396655594037934,24.452386349462046,61.66150144301875,6.883211916583063
2023-01-02 11:30:00,SuburbA,25.24644881830011,24.520046413071306,465.54691488904245,34.528166298023415,14.194548775337818,28.779869759268117,67.69430863499406,5.584261144309792
2023-01-02 11:30:00,SuburbB,28.397467641322304,29.534215807110197,460.0840978662591,20.897432797001258,8.000207810869988,20.79094743877727,71.57378658238906,6.283419063432778
2023-01-02 11:45:00,CentralPark,15.032931861317998,23.911560987005053,468.7818684490278,26.311619194007037,9.491453196650976,27.857621483955274,71.43640097256306,7.5141161457068275
2023-01-02 11:45:00,Downtown,29.1954244842578,32.39427129095617,397.8242273696827,33.04817031313328,5.317049290048605,25.607763861813023,56.71442941046592,3.6297020681158454
2023-01-02 11:45:00,SuburbA,25.593078679822565,29.204412538114546,456.7771467965131,35.97671799615756,8.40112446338859,20.965339801629515,74.30040575915758,6.423178351002513
2023-01-02 11:45:00,SuburbB,19.859033558509132,26.73824694061395,483.6573195694101,28.24080707290239,8.573874516138805,20.7321453509641,78.92827733382052,3.674857262178392
2023-01-02 12:00:00,CentralPark,10.66668186357983,27.429605238040367,306.2446444331649,21.40723443947526,13.822182983803804,21.781109315871255,62.05489684009043,6.687352543112826
2023-01-02 12:00:00,Downtown,17.05783782478114,18.045014882794568,350.33815495577244,22.73142479063751,13.993864481837734,27.556417654919787,65.92819400566057,5.27129145689325
2023-01-02 12:00:00,SuburbA,25.093041655723233,22.947764127463238,465.6138939802986,33.746436472468574,7.074569115564867,21.72298852118064,61.13962611410668,4.648215580006138
2023-01-02 12:00:00,SuburbB,18.302747574718367,32.30603392894291,473.50728259681534,28.2368575683397,12.908790624167304,21.465370450148285,63.61262082073786,7.5720516283793575
