timestamp,location,pm25,pm10,co2,ozone,no2,airTemperature,airHumidity,airWind_speed
2023-12-22 19:15:14,CentralPark,56.93712202427538,58.25617271561995,59.507914887072346,57.451434213669465,58.13254932069332,23.937151734820034,19.261886334069118,3.9365648090577716
2023-12-22 19:15:14,Downtown,55.80238059984296,55.69908348036576,59.79353724373745,55.79890849814756,56.459013393577614,28.38114341773586,17.958846527856124,5.198419916444057
2023-12-22 19:15:14,SuburbA,48.34221896111635,51.706930239030825,50.63075321479223,49.4663577262738,50.62862652163653,25.463062150153103,18.993615315615795,3.469122404983187
2023-12-22 19:15:14,SuburbB,45.154162286620846,47.674127980469784,44.35809151897853,45.68921189826895,46.132767161660645,23.790005751898732,16.455253340272964,5.937232376404667
2023-12-22 19:30:14,CentralPark,51.91675899920068,50.555752527937805,50.47687395876054,51.408962941712964,49.809907409909165,22.087694789077638,16.57436440475609,3.504490820218951
2023-12-22 19:30:14,Downtown,48.719227644229726,49.71022362923693,50.29429733550124,48.99301868764185,49.558782595985065,25.95404470806212,17.685943505928613,6.228846168957949
2023-12-22 19:30:14,SuburbA,52.597225110124604,50.34316293212372,50.633536846119405,51.755011104697694,51.59073598019906,27.513837728950634,17.282913591100826,3.458298598819632
2023-12-22 19:30:14,SuburbB,56.59627891034541,58.56750254125423,54.53296905360345,59.078495062270214,56.36037868685666,25.51628294262165,18.748488759399976,4.583252745316945
2023-12-22 19:45:14,CentralPark,55.684873580913106,54.76120145630108,57.50291420021501,56.9450262437558,56.2756559865081,23.935200532008636,17.40744365806397,7.14683506735258
2023-12-22 19:45:14,Downtown,57.327658196777946,55.12724359172855,56.85741035729078,56.7644879857754,55.87486501866041,24.917762553832404,16.1074369603788,5.6500515764357795
2023-12-22 19:45:14,SuburbA,45.58605066554682,45.23866459879368,44.21363692033413,44.164887599119666,45.7686183318328,21.398670363811384,15.007997179283802,5.666878524209176
2023-12-22 19:45:14,SuburbB,52.243242335555124,52.54388547902401,52.70268212161543,53.177584258389594,54.80081608075128,24.764684839911304,15.89841165223317,3.0935296085998356
2023-12-22 20:00:14,CentralPark,38.98601113126912,40.721774464449595,42.68806914465335,39.1295040622378,41.001970093627534,21.143070818231706,19.446642550033424,7.003857323281477
2023-12-22 20:00:14,Downtown,43.41035270416801,42.54412475746168,40.65916912043272,41.35566273014192,43.8272023090674,25.33397607370537,17.740005431181714,3.9678433791869616
2023-12-22 20:00:14,SuburbA,43.58735418462316,44.00881529659319,46.02724072201329,44.72942471026794,42.67698018188858,27.807069344930447,15.57591918356673,7.03007797984813
2023-12-22 20:00:14,SuburbB,49.02359879864572,48.49060165681033,47.30994443801588,46.098829283633236,46.92165237448346,29.79452544066553,17.276317847247107,6.90259176478942
2023-12-22 20:15:14,CentralPark,45.89985650009038,49.642201047645855,46.87873163930866,48.07112980954465,47.43454242221793,28.710688619259358,19.04104228817549,6.131923562845967
2023-12-22 20:15:14,Downtown,40.53733815077812,37.936508854804686,38.46872766857426,37.30796090374437,39.178909475981776,20.166379194489537,18.950714155398867,4.037222258961847
2023-12-22 20:15:14,SuburbA,41.39134095447658,43.19016946865516,44.66999971394274,40.7940188998319,42.75667915028021,24.90300875491286,17.558667922964005,3.348574826155627
2023-12-22 20:15:14,SuburbB,38.37752850474452,39.42744896656283,42.18761487561421,40.48560012826029,39.92610486852236,20.865290678073947,18.699834662218894,6.922707103946315
2023-12-22 20:30:14,CentralPark,47.2790170187126,47.95037890783292,48.31106705340715,45.225117140623276,45.261741322046625,27.249995262722557,19.006118613059368,5.51351268044478
2023-12-22 20:30:14,Downtown,40.093207952771415,42.090364879629874,42.75346660705662,40.17920855296107,40.93446245576745,24.032463126289578,16.627193612964174,6.038579198645636
2023-12-22 20:30:14,SuburbA,40.35536678371273,40.37947097010603,38.996672957467354,39.307389588621696,39.72626770844307,24.003970234732268,16.576751781106577,3.3243023165600785
2023-12-22 20:30:14,SuburbB,36.898077645240186,35.71177505756849,33.59746770203223,34.82621479823499,35.588214833450756,20.13950520673899,16.18069239226332,7.407194306631872
2023-12-22 20:45:14,CentralPark,41.3412123653112,42.27686348612691,38.28324049528915,42.31177278060995,41.01050476801994,25.1153721742299,15.420296010842474,3.6827157282976244
2023-12-22 20:45:14,Downtown,41.75005002385102,42.28549100178427,39.190235196855994,39.650114121354484,41.283788379710366,21.651959177146473,19.174127586420198,6.5766733842249225
2023-12-22 20:45:14,SuburbA,40.638657288533096,38.49294115282737,37.3164473941719,40.003153396818966,39.0082883979018,23.216811353357013,15.832644798814888,3.2124367756109824
2023-12-22 20:45:14,SuburbB,41.977787821785675,45.353014906105585,41.04169173469375,43.020116003210475,43.616450914173136,28.363873850354366,15.003733591198246,6.334553061537233
2023-12-22 21:00:14,CentralPark,44.33079361702088,42.486550141287935,42.03276865750729,44.055042263858155,42.60138708175906,25.091956050659913,17.60518070765484,6.857220793682873
2023-12-22 21:00:14,Downtown,43.82356687534191,45.56514654227427,42.7377060753898,47.01951462281251,45.98363930401616,28.8641494170538,16.368452604656564,5.933014386811861
2023-12-22 21:00:14,SuburbA,41.45432853561595,40.93588796458219,36.98994032620392,38.12856111829148,39.61965028724631,21.508439998482398,18.238581968358233,4.651611133833736
2023-12-22 21:00:14,SuburbB,39.91062065226873,40.3257512935293,38.85059279398351,40.862206832864516,40.47472807657546,22.305118117083666,18.120780681202252,3.4343907122711865
2023-12-22 21:15:14,CentralPark,40.34110818956985,40.61728113655987,38.45384523593728,41.23949145332148,39.94368228544371,25.3095116452649,15.155538587865024,3.7958047725794133
2023-12-22 21:15:14,Downtown,39.580964018624975,40.815511359365885,41.739216600815695,39.54889903370828,40.168281223937406,21.017228923108092,19.483915748258,5.556470278723987
2023-12-22 21:15:14,SuburbA,44.81887122448635,43.87553948767458,44.069008799604276,44.31000067839347,45.09268411639965,27.702852101315365,17.102453110121296,3.3541880633733023
2023-12-22 21:15:14,SuburbB,42.412631983855015,40.818766790287924,40.35799166717261,42.0147839284644,42.26300614768403,26.68286400009204,15.857148755376341,6.052641249026593
2023-12-22 21:30:14,CentralPark,41.158997043568235,40.91760423712415,43.06231287204559,40.63938234031414,39.75503145983489,24.408980054539967,15.815860997757493,5.6300987738597295
2023-12-22 21:30:14,Downtown,42.3887707052624,42.601335464445086,46.189787966345605,43.65625307966858,43.08755867472307,28.014119263554395,15.209307949982088,4.232436583285407
2023-12-22 21:30:14,SuburbA,42.00328748254025,42.04631438081859,41.65197495945339,45.691826639566756,44.274237399226436,28.57675167793841,15.286649176785415,4.444680888159699
2023-12-22 21:30:14,SuburbB,43.19802931469086,44.24525886646704,45.26962459798267,43.678294317266804,45.3354872215461,29.571545201924366,15.164785334488755,7.2350631286183
2023-12-22 21:45:14,CentralPark,42.12628534272375,40.759718009857714,40.2870081636956,38.94073578169306,40.5812527000632,24.281921876146303,16.448381374226543,5.1498555547370835
2023-12-22 21:45:14,Downtown,34.99548604900774,35.39919626699408,33.672322376920036,36.65322810315283,36.28461220204393,20.826161175911732,15.151042303622363,3.3367330902121193
2023-12-22 21:45:14,SuburbA,40.61094147009161,39.752006408908976,42.522238669802086,41.237508868701106,42.02149250130331,21.980316282307115,19.304501266980836,6.216559283737135
2023-12-22 21:45:14,SuburbB,39.97287344831527,38.13344514744403,40.89159015306838,38.546161263722034,39.16169454980357,20.673335034111734,18.61592105418966,3.1833324030978405
2023-12-22 22:00:14,CentralPark,36.71553912759451,37.367155907109314,35.2494462798945,35.79950573103042,37.63255603888294,20.36453960599491,17.16353755116849,6.843732067239121
2023-12-22 22:00:14,Downtown,40.74660947150677,37.800740916908936,37.666126548485906,40.1972419627139,39.713192287317845,23.60222605402266,15.206446265351545,5.471532481264589
2023-12-22 22:00:14,SuburbA,40.56703117444148,38.9087342255848,37.61217046875489,39.17412363042116,39.34116824101096,20.495353867361892,18.588782538012655,4.164873298233511
2023-12-22 22:00:14,SuburbB,45.60692505008638,46.79825342898801,45.32584577277662,45.31281493961089,47.44253015688736,29.70593739135723,16.771371788458108,6.719285075712028
2023-12-22 22:15:14,CentralPark,40.47631060963224,43.3598035868775,43.030658604326035,42.072211058033496,41.72814355764392,22.88019933067055,18.871956779351763,7.162936453523837
2023-12-22 22:15:14,Downtown,39.28249863348733,38.073558905500484,41.67300296371832,40.91203935296073,40.04116269999962,21.554484587088474,18.234941017493824,3.1456972147234623
2023-12-22 22:15:14,SuburbA,39.422610472199906,39.26694873732418,41.415956586070216,40.40842302987759,41.84017725292211,23.79357245095198,17.19248096968689,4.863129024113524
2023-12-22 22:15:14,SuburbB,44.10129554950844,46.34446522983424,44.91115863700567,44.77181447030206,44.508231204934155,26.70081451155128,18.06760026752178,4.494609305557484
2023-12-22 22:30:14,CentralPark,40.3721346965489,39.99519766677114,42.622756386061766,42.120328718023146,41.17842512454583,25.707153118751886,16.043978880081696,7.331824194069258
2023-12-22 22:30:14,Downtown,46.94646540690411,43.764527446576714,47.576535514383565,45.19115610522915,45.05685767495777,28.783470003608365,16.173014359368985,6.752825682042497
2023-12-22 22:30:14,SuburbA,45.4024745523038,42.30711412577435,44.51223252129553,44.019809670731895,42.87465080425642,26.81668028766829,16.955560819676126,7.168440514752314
2023-12-22 22:30:14,SuburbB,46.863142742010204,45.314359368073326,42.03518804919693,43.20271703748726,45.4126040538166,25.987544613317624,18.971722026556467,4.860943891601909
2023-12-22 22:45:14,CentralPark,40.483459150690344,41.53086859631162,42.75575642837215,41.81548183397167,42.4667052744859,23.85580200372473,18.01616330860186,4.209605600379099
2023-12-22 22:45:14,Downtown,38.943109665629606,40.17333231741563,39.971713731806084,38.91341616742703,39.52426616913084,24.86591532392057,15.104803886927678,4.650103678843593
2023-12-22 22:45:14,SuburbA,44.740232280487646,45.077258166783835,44.765709633154714,42.83044859042156,44.39691433434564,26.695319498125073,17.320396035200126,5.208578256614308
2023-12-22 22:45:14,SuburbB,46.128886906760386,46.141152869165325,46.56494359795003,46.84997540114118,46.993221806527785,28.94751296878542,18.053398987560307,5.9376693066511415
2023-12-22 23:00:14,CentralPark,41.712734512580376,43.00217161343554,43.5729874360091,43.891899759666686,44.24430324699606,27.950190376952207,15.385331964240244,4.424934541115848
2023-12-22 23:00:14,Downtown,44.21309543566186,45.0835431025545,43.122219639986284,45.577265946947485,43.00419254454542,24.771453262899158,19.222074986789394,3.856772999010615
2023-12-22 23:00:14,SuburbA,43.20120423505384,43.665091597442796,41.84533259576025,41.19504470451091,43.13650199663267,24.338145209112334,18.4721587347672,4.828060978546198
2023-12-22 23:00:14,SuburbB,37.591408357776906,37.67300584907403,38.702506912029136,38.46677262061877,39.84859045502991,23.28468063704099,15.788601145161467,6.402478521136177
2023-12-22 23:15:14,CentralPark,39.21289471527209,37.330798021186915,36.37317347847857,38.3766045728004,39.35805767112926,23.013907169054633,15.843887329481442,7.009672405591424
2023-12-22 23:15:14,Downtown,43.27531362063175,46.1560340634595,44.96780029041776,44.168131370420475,44.70789777404005,25.46092265203537,19.028675601465267,5.893782214735571
2023-12-22 23:15:14,SuburbA,44.48990775756448,41.086785918433485,41.653553607780175,44.18731120212689,41.73794609995177,23.25624513842418,19.253893633092236,3.8772778843381364
2023-12-22 23:15:14,SuburbB,48.86869690021691,46.77768541780689,44.14190451942803,47.849714032413814,47.51023736041837,29.253149281062633,17.671929043497737,7.627224389828981
2023-12-22 23:30:14,CentralPark,44.30172811056843,47.14646131852727,43.416744584832735,45.077041382176695,46.547964611787314,27.093618218214196,19.179967257424764,5.88730288536174
2023-12-22 23:30:14,Downtown,47.58978091867173,46.63265787765813,50.85838303198492,47.104464971487566,48.775373531767016,29.30358813874843,18.566048778068904,6.5098880949962945
2023-12-22 23:30:14,SuburbA,37.69617409696187,40.29595791000066,38.149566378832226,39.971691821131344,37.83601729382971,21.821320557195182,16.49826131288535,5.884881971099854
2023-12-22 23:30:14,SuburbB,42.32551283470404,41.35315215192933,38.75899061035829,42.489172033995686,42.05314695821224,24.818025475759118,16.718746601013805,6.644970468731758
2023-12-22 23:45:14,CentralPark,43.58183698866827,42.776387136242604,46.47420595691272,43.96667395562781,43.640485508649476,27.39723694230935,16.874617828175317,3.177244292618002
2023-12-22 23:45:14,Downtown,36.148112645763476,36.9294995265343,39.41808208860638,38.6774147123479,39.09987099377206,21.993871633620074,16.13002091032066,4.492443048451273
2023-12-22 23:45:14,SuburbA,47.68399724150697,46.36067135559746,44.083859809958234,47.780317398869514,45.57650035223823,26.4047155618532,19.799507007544747,4.067818317219395
2023-12-22 23:45:14,SuburbB,43.255408887686436,42.01589406499975,43.21923133019413,42.46420306516197,42.62647817724044,24.217483115341423,18.81245162601958,7.295548673760171
2023-12-23 00:00:14,CentralPark,37.50670268834534,37.225696613775064,35.80831660451268,36.44662851287381,38.06210655612359,20.33830102302812,17.810245086065002,5.324412535264685
2023-12-23 00:00:14,Downtown,39.60522542193776,39.638858894174355,37.086070381428584,40.60550976618562,39.17045656276329,20.13054276001352,19.034934471537735,5.13363559045825
2023-12-23 00:00:14,SuburbA,46.94671667719182,44.71815264729405,47.453735266300384,45.673157991569056,45.82143904141953,27.313525532540993,18.186302197267967,3.9334027762395287
2023-12-23 00:00:14,SuburbB,50.423640311970125,47.937281697185455,48.16597852801204,50.521950823173086,48.63245748611092,29.12755235072947,19.89167239746795,3.4040574616665618
2023-12-23 00:15:14,CentralPark,42.876504615616774,43.20745064778521,44.95542784557988,43.501683970489374,45.23363993170722,26.716169782313834,18.14347636552315,7.693057324516447
2023-12-23 00:15:14,Downtown,39.67333114790027,41.548889379085075,38.249004554247776,38.20223315181868,39.61343163874566,22.28914862975139,17.910321796185475,5.956345330703093
2023-12-23 00:15:14,SuburbA,45.22312088779996,43.86893192219891,42.899654348352435,44.0913198206042,44.496909901909106,24.572892876007245,19.746346664041386,3.2664839936674963
2023-12-23 00:15:14,SuburbB,45.78433415490701,47.59755206235901,48.05731999657904,45.97255377290558,47.0742292859936,28.580880484137705,17.59087090056007,3.101311633190298
2023-12-23 00:30:14,CentralPark,44.486866377681906,42.222632735865,44.8598415270346,44.2839844424784,43.437335669192315,26.413550865928407,16.342396811530598,4.347413284446084
2023-12-23 00:30:14,Downtown,42.4136014710642,40.02323416101214,40.27891114329,40.73456751734556,40.891216092294876,23.20326699752619,18.33318458421007,7.698862867839425
2023-12-23 00:30:14,SuburbA,40.92963791727744,40.773837301202406,41.70919162967519,40.05564674287817,40.64758788228982,20.385828401659715,19.855404661801487,7.924683128614516
2023-12-23 00:30:14,SuburbB,41.494404915145665,43.363333987935945,45.24771038928716,42.059776648092544,42.39650516868838,24.288535493631702,18.766239647914617,6.168791502125034
2023-12-23 00:45:14,CentralPark,36.33342358023564,39.55251390579313,38.9437087511205,36.19235561186255,38.997663519744016,21.520954602529677,16.581882450370774,7.672275004234046
2023-12-23 00:45:14,Downtown,43.718702633621646,45.990142897457154,42.82177554245261,44.352780001404064,46.18285873554806,26.744646811065678,18.766317127724076,5.061919879044543
2023-12-23 00:45:14,SuburbA,44.55494466802485,45.707225611670445,46.283123882912584,43.12306141234739,43.70057477240107,24.639556386541752,19.12980545828361,7.21939277186102
2023-12-23 00:45:14,SuburbB,47.22056207006868,46.55608708791916,44.733593893241355,47.107067748809044,47.193534602003254,27.321946777214762,19.861152668286408,4.041235274178629
2023-12-23 01:00:14,CentralPark,46.19823224902016,49.96811021277828,49.9719018601544,49.88791952560787,47.266235094546786,29.451432959772703,18.53884198308089,3.485105405476099
2023-12-23 01:00:14,Downtown,45.47112509470214,43.14625993986781,41.61394862180774,43.36024743464514,44.92011703050093,28.00748005267722,16.246080253306733,7.473334265246393
2023-12-23 01:00:14,SuburbA,39.68111120434941,42.19108514458458,41.46860448790544,40.924296209429414,42.07737026297716,25.820171251337463,15.600070930427002,6.09970082172171
2023-12-23 01:00:14,SuburbB,38.92057001569115,38.58407192918613,36.93560629626665,38.937206067017755,38.651640112341944,20.07000811484045,18.75392599956819,3.4112078009275377
2023-12-23 01:15:14,CentralPark,40.89749649720898,40.35130948145013,41.94781175304667,43.06718262537821,42.448659225750795,24.186091438859215,18.15786767945269,7.8713657876158925
2023-12-23 01:15:14,Downtown,42.22480600032436,43.27484897964757,43.41836684592899,42.1154881581785,41.45642998269604,24.347934419220213,17.397154442319724,3.964954719672415
2023-12-23 01:15:14,SuburbA,49.339840835744035,50.61237838820242,50.034021064819775,49.87259913349596,48.437113794528145,29.365303614930195,19.26984396001167,5.468544988566767
2023-12-23 01:15:14,SuburbB,49.837956234526835,47.90748386787811,46.334016262493684,48.7512451123685,47.76917532343793,29.325602119515903,18.55632706471574,4.430699706182811
2023-12-23 01:30:14,CentralPark,41.577444496218966,40.54035598719732,43.5628700255243,41.96987309597846,41.38202665921461,22.559676389736133,18.099739220991633,7.652541871406338
2023-12-23 01:30:14,Downtown,39.351343198313195,37.87482164675062,37.06815873340647,37.30290615015111,37.129051166890456,20.917057485084428,16.552212292195964,4.256232272619846
2023-12-23 01:30:14,SuburbA,44.447012677724544,44.085568260015364,44.86994036419547,43.24122722154018,43.475260368588344,24.72517660026715,19.4224184967681,4.6985677079979
2023-12-23 01:30:14,SuburbB,43.46508778592611,46.95853449460573,45.89100719262,45.360414061026894,44.733727145400564,26.59847068515559,18.77053503749484,7.138602004615898
2023-12-23 01:45:14,CentralPark,40.793085244534616,41.90531279235302,42.00379990434379,42.90580192018086,42.15624274015855,25.990003528632972,16.259063501579483,6.982299426650008
2023-12-23 01:45:14,Downtown,39.839274784433705,38.32206856661196,38.765387030271896,39.2230829885884,39.36359648482218,23.64904425189144,15.634562293968198,7.298155899992883
2023-12-23 01:45:14,SuburbA,37.833223708438034,38.681134110742,37.65361998886222,39.08896894934369,39.09182787470689,24.471538295292277,15.275910258580366,3.3598480574609186
2023-12-23 01:45:14,SuburbB,37.792207882095056,37.82006326063241,38.68970300425738,40.2594034040543,38.71665058542754,23.49456853543325,15.284513214854583,4.092788291964647
2023-12-23 02:00:14,CentralPark,42.492890405938525,44.99909401709052,42.25038578946945,43.30998847740772,44.0950724819295,27.926614702840695,16.47734008287098,3.4498773663091638
2023-12-23 02:00:14,Downtown,45.27060506014426,43.311723478602445,45.18204614229407,45.58321363649703,44.10182727653424,27.658414055638207,16.292409799067833,7.820767991907687
2023-12-23 02:00:14,SuburbA,46.59831204727598,48.504549054928184,49.455593390467655,48.14656987119765,48.996218178295784,28.5736270139335,19.855887428948705,3.40136073286295
2023-12-23 02:00:14,SuburbB,45.19882376541025,45.74666583978787,45.385686088464695,46.36589948804604,45.64331511802507,27.014443700296013,19.183393938625798,7.947063566252099
2023-12-23 02:15:14,CentralPark,42.28189307975603,45.27315759140205,43.568766886139684,44.3779386915636,44.11245880747526,28.2449220459675,15.938438884360332,4.306719449918063
2023-12-23 02:15:14,Downtown,45.70449969263665,47.62056699805905,44.85254590726523,49.235070357077014,46.560772205591356,29.480468260504345,17.995341246574725,6.282231625856032
2023-12-23 02:15:14,SuburbA,46.75148862714616,44.945274398070886,45.80555723935775,45.10881892018268,45.27328416691943,26.270090575987055,19.75158846828994,3.854546046613848
2023-12-23 02:15:14,SuburbB,41.72088846514461,43.94661493992691,44.94754045022501,41.60162888711886,42.469407650061925,26.262503906266517,16.95649203513883,5.017298486827322
2023-12-23 02:30:14,CentralPark,45.09811158618126,42.207934073477446,43.5767822306005,45.11960867578169,43.080118310133386,27.462809810485687,16.510694809871033,4.0342352098588545
2023-12-23 02:30:14,Downtown,43.52821511742377,43.4801003597039,43.980352001522526,46.27857635620334,44.032572121475724,26.511336273902675,18.011703081877425,3.560435773053007
2023-12-23 02:30:14,SuburbA,45.68456325727515,45.39802184855792,47.49909078072228,46.548035866098594,45.017205975295624,27.520170513629047,17.10145669006028,5.474101828054502
2023-12-23 02:30:14,SuburbB,46.96125376126524,47.267092300193106,46.952919168373,45.53380899233206,47.499763496080305,29.172600043036688,18.151587036270396,5.213025289945675
2023-12-23 02:45:14,CentralPark,43.300997813768255,45.20266779411386,45.97640956783195,44.68420269633903,44.34531699584156,27.39391848910922,17.877724103375687,3.4273348103988117
2023-12-23 02:45:14,Downtown,40.17780894498458,39.871769582956915,42.34423335651071,41.27724935494709,38.46835190757524,23.580684605733605,15.78298390862708,4.158042051600638
2023-12-23 02:45:14,SuburbA,39.554889157353365,41.586341419672564,41.83386478174003,39.667602588053384,40.15892095632171,24.744699157642685,16.02954986315764,3.9927150768181643
2023-12-23 02:45:14,SuburbB,42.50775414767033,42.71126247603545,43.721905316547144,40.73166053912725,39.81020252575656,23.979689060755128,16.825997369815372,6.332602970304855
2023-12-23 03:00:14,CentralPark,39.477844521060355,40.33795493583765,42.20895150004026,41.48818051831381,39.422964986777004,23.38974626712473,16.212991209378742,6.185904687217754
2023-12-23 03:00:14,Downtown,44.38754961218419,44.76313707868506,42.07591892958629,42.41839951784277,43.80319369513892,26.00166045865659,17.356858075834612,5.5053100827504
2023-12-23 03:00:14,SuburbA,40.7355788433239,42.7207301066905,42.10262319913494,41.81068222673422,42.191722712228646,22.610899213357083,19.184790765226495,5.762600061324051
2023-12-23 03:00:14,SuburbB,44.22622440801564,45.03015788616688,44.24473134526343,45.648417834460446,46.51194827800077,29.540920357314448,16.081958206619312,5.342760295124909
2023-12-23 03:15:14,CentralPark,39.97054064220387,39.95183088511456,39.96328516796685,39.438030133561305,40.609386597878945,23.274561714955134,16.393330879960516,4.299572543429974
2023-12-23 03:15:14,Downtown,39.98136990367772,37.67519243133846,36.3017404169447,37.19998609978906,38.233998401165714,21.68125160110447,17.07736985546104,6.8299893946611645
2023-12-23 03:15:14,SuburbA,44.957314826601014,44.66299629771864,41.40390517055752,44.181780953735114,43.744713706866385,24.17399935853692,19.870372514346315,7.627221567307276
2023-12-23 03:15:14,SuburbB,43.52589652915925,47.14621533697083,43.59141520768374,44.870194703629735,44.93254713239763,26.46501426001124,18.718490085172252,4.804863718882627
2023-12-23 03:30:14,CentralPark,45.3668656809196,43.720829428205064,45.02498246857483,46.26201972908074,45.636135868921194,27.965644216716335,17.6378993023063,3.0426238829463452
2023-12-23 03:30:14,Downtown,43.608613391452096,42.79315457625648,46.172975456436404,43.70480805146668,43.42571453361057,24.91227077615559,18.661878569859024,4.677278834164415
2023-12-23 03:30:14,SuburbA,37.98589377278638,36.238302626964234,39.32422098296006,39.57478749211222,38.823422779519326,20.49528408264838,17.532970071472967,4.581006655490674
2023-12-23 03:30:14,SuburbB,43.65238237764787,40.846964563750745,39.42867817855526,43.37351123683926,42.05443270936226,24.20120688865714,17.555661721222652,5.227665092225486
2023-12-23 03:45:14,CentralPark,40.96535002438997,41.30649593517943,44.287514570506055,41.85225613802342,41.689191120592554,24.032559078085765,17.82775325895215,3.9570769778921093
2023-12-23 03:45:14,Downtown,46.5075463491048,44.394889423609484,43.58408392957819,45.810731511644576,45.16313356170936,27.346289450495803,18.16166048483162,3.5463626744584267
2023-12-23 03:45:14,SuburbA,45.60797299446326,45.13103776581024,46.02738601255461,42.666205977748014,44.006932340629305,25.00085981631561,19.418204257303557,4.730818825152205
2023-12-23 03:45:14,SuburbB,44.94315437255157,47.196242428468125,44.21285252525308,48.31293968083722,46.11676224082223,29.0222441650852,17.848336022911937,6.813020532132247
2023-12-23 04:00:14,CentralPark,42.12248086030391,42.0159436209594,42.686554119376616,43.07477974451317,41.45269450282355,22.927430531232844,18.701589888708575,6.722234700035518
2023-12-23 04:00:14,Downtown,34.63313395080458,36.379098484066134,34.09143054143346,34.93572160049399,36.41816340983285,20.793958832440435,15.421144881326823,5.739345825529025
2023-12-23 04:00:14,SuburbA,45.6224580463774,47.32658353525339,44.39788512043469,44.85926633383997,46.83862447158705,26.86983180454314,19.70591494906961,3.895208738361484
2023-12-23 04:00:14,SuburbB,42.16042157914693,45.526283317401045,43.2176968254179,43.54118786329596,45.06022927971193,26.754910323445067,17.352525851257646,5.031985455783158
2023-12-23 04:15:14,CentralPark,38.23643099294326,38.35823802324206,41.16022248063321,39.28753897100638,39.235550604193435,21.39707935038067,17.885489794688304,3.07036110888781
2023-12-23 04:15:14,Downtown,43.71788447534139,44.608412820033344,44.65140594624968,41.84607618107263,43.79548045093023,27.20676372784036,16.156733927709062,7.265592730087079
2023-12-23 04:15:14,SuburbA,42.46467428880283,43.24341381536873,40.48430188289304,44.49434485806485,42.63198668061537,23.58058414225321,18.96018725400098,6.145710503362586
2023-12-23 04:15:14,SuburbB,42.70475788960181,42.038768775798296,45.40488999042999,44.80174327877655,43.49602395413192,25.714565088446278,17.81728013276935,6.84011713740475
2023-12-23 04:30:14,CentralPark,39.944812055695756,39.1917398384015,38.93554640355488,40.96353868063323,39.08509709600957,23.06799538465266,16.12121230990374,5.065456232757986
2023-12-23 04:30:14,Downtown,38.729733486400995,40.675708608508764,42.85370666919404,39.06541852348075,39.77135196664698,21.857387503811015,18.12799010032839,6.63911151156921
2023-12-23 04:30:14,SuburbA,44.4944118818052,45.18972429882818,44.06748998925042,45.28052718951609,45.0387191838865,28.670256879256947,17.34646890445326,5.840794090440705
2023-12-23 04:30:14,SuburbB,38.583878690185664,40.606672840886034,41.38119890473612,39.36064836154213,39.4578218848035,21.431451827841872,17.819800620806845,3.9266076496297195
2023-12-23 04:45:14,CentralPark,38.14345256588858,37.965165824904595,34.00758980066401,36.00935288881208,37.195016704732524,20.428338504787742,16.337591693605514,5.513497236264099
2023-12-23 04:45:14,Downtown,41.08784206750567,39.041528488797695,40.451399734246806,41.23250491343727,39.29378958537836,21.45405795522522,17.915174926175908,6.507932761983759
2023-12-23 04:45:14,SuburbA,46.39802655654692,45.02252562265411,47.48540638991666,47.6552719821966,46.063420339449934,25.988721129790463,19.704440688513987,4.347701632118534
2023-12-23 04:45:14,SuburbB,38.47112272616329,41.96907893218456,39.851170206840116,39.84992271023083,40.23396188531469,22.21796960210427,17.8727564681523,5.233991261832417
2023-12-23 05:00:14,CentralPark,43.107848595047166,43.521604040512436,46.97354641157202,42.94062704869792,44.79794788778215,28.086129804418384,15.948302779052954,7.986437564985036
2023-12-23 05:00:14,Downtown,42.19121139826088,41.375964972851385,44.08155951462549,43.642109331897515,41.94863783752403,25.183572665922245,17.526340855403777,7.304898377525682
2023-12-23 05:00:14,SuburbA,36.65778568720787,36.30778705356023,36.32153555563516,39.57353596985781,37.1012819399169,20.40219656399158,17.622346277720666,7.963434241154044
2023-12-23 05:00:14,SuburbB,42.64991961242797,39.46931464532991,43.67841367182133,41.884203000219664,40.61039009609016,25.920810264816755,15.414862300283792,5.659185997851271
2023-12-23 05:15:14,CentralPark,38.4689672258185,39.099230830420254,40.861578497432596,38.537096218877984,39.691407653793185,20.882985276920913,18.152682390321747,3.220106820301884
2023-12-23 05:15:14,Downtown,38.67103529239725,38.133263107252674,36.523790570381976,38.41182538138429,38.36094113302242,22.034228396558326,17.06834294239727,7.72457506102052
2023-12-23 05:15:14,SuburbA,43.94039631845388,43.968560894425664,44.447901754836245,47.30152752934944,44.86120948613708,26.04795959439744,19.43406557108113,3.628317628914703
2023-12-23 05:15:14,SuburbB,44.442466817933656,43.74468362457946,41.76598834023565,42.779382954319544,43.93088780076556,27.793582864928677,16.966724391245698,6.103632419482354
2023-12-23 05:30:14,CentralPark,41.76252008570861,43.488568561724534,43.35901714160221,41.85079799648624,42.21186019591215,25.884348844253935,16.198428981134562,4.120806054735695
2023-12-23 05:30:14,Downtown,44.421332212779326,46.424626513324355,43.844516881401056,46.30721324162678,44.92613157627712,29.300547112131138,16.272163731664822,5.830074981851021
2023-12-23 05:30:14,SuburbA,39.84876745840878,40.20227711105032,38.11925345148547,40.33605460203036,39.672014984559624,22.94833685642239,16.926206355445558,5.970241690644244
2023-12-23 05:30:14,SuburbB,44.452347811865025,43.29635842986012,41.27984415438825,42.405458564897124,43.325229125004626,25.030431500121143,18.98321628263468,6.735761366223791
2023-12-23 05:45:14,CentralPark,45.61348047627753,48.11670743328571,44.76691892372348,44.82118670537838,46.155261523240924,26.98579464794239,19.20043800882796,4.7947351258010755
2023-12-23 05:45:14,Downtown,47.060960971766214,48.100467582599016,51.00772565227844,48.67446064380009,49.34479058348421,28.843314983849098,19.902588514112107,5.348994849071203
2023-12-23 05:45:14,SuburbA,40.58661723417887,38.93993257831914,38.92804765627364,41.261699672645705,40.368572962419435,21.07933225716385,18.702474058073893,3.3510722200117495
2023-12-23 05:45:14,SuburbB,44.545994394804794,46.56334595797947,44.82871865466176,46.16899989917884,46.53407107140817,27.107312270065194,19.25476141638016,5.39343603965412
2023-12-23 06:00:14,CentralPark,39.72730787095166,37.97392800916366,36.64543119823612,40.72992382426028,39.60802827069499,24.3610093494353,15.175471332318807,7.32892103070105
2023-12-23 06:00:14,Downtown,40.129238663955256,40.384297594171606,39.3171621777968,40.1575585880825,41.63126739808351,22.621087680159658,18.090475863379293,7.10025569627965
2023-12-23 06:00:14,SuburbA,45.06074026911671,46.088496314598274,47.954113001082426,45.91536022707457,44.892714087401274,26.849116660145906,18.839487149053518,6.164643891866162
2023-12-23 06:00:14,SuburbB,41.868512583019104,43.71165751597079,41.73237481839043,44.101485462744584,42.29945797398352,27.967753584183214,15.28371183123861,7.662182933924745
2023-12-23 06:15:14,CentralPark,42.36381563613903,39.937717498760996,39.10324577953487,40.73213174148393,41.5429954331991,22.469799888261484,18.536373978396632,4.760928299632468
2023-12-23 06:15:14,Downtown,38.56737084081857,37.91930428179221,41.004132723695044,39.95067403335899,38.23248474445521,23.422320358225722,15.44566969835471,3.0915639657965195
2023-12-23 06:15:14,SuburbA,48.4065572263494,50.63818144351575,47.672968343825595,47.914223255559506,49.17452127756465,29.37797544476024,19.7716390413799,7.714918102474726
2023-12-23 06:15:14,SuburbB,45.86194674376375,44.225068097751894,46.759156663738175,43.86971938769428,44.935189522869514,25.64490995896741,19.3107590966346,4.811189903117221
2023-12-23 06:30:14,CentralPark,37.610353224930805,36.94383854884915,37.470414851806645,36.981033930351,38.88882573111968,22.921572065908453,15.130292112990116,5.416736632160177
2023-12-23 06:30:14,Downtown,44.23386267911042,45.90023918674208,43.74740257081622,43.85878940603406,45.36000250961691,28.519557333614905,16.771772928636597,7.869133142287207
2023-12-23 06:30:14,SuburbA,39.724203317930694,40.01192623590499,38.73672553671612,40.63490897653169,38.86953015879258,22.25290114405081,16.577663985828643,4.725175873323127
2023-12-23 06:30:14,SuburbB,42.40011843686115,41.47917126674994,40.60345421038981,42.29314226957156,42.79495918599809,23.493349807752004,19.463798645607046,6.032645821553568
2023-12-23 06:45:14,CentralPark,43.396425781260184,42.38387409648306,40.62492010774226,42.06523140857905,42.66584545044756,26.31318458413305,16.20860645573724,4.029250811920706
2023-12-23 06:45:14,Downtown,45.00783799356772,44.679287069427886,45.7428015522102,44.81703759036127,43.406875359219725,25.913486930387,17.63111199541773,3.6336822589928452
2023-12-23 06:45:14,SuburbA,44.25709296469376,43.36746305972021,42.31641105858858,44.23767888012573,43.518403945654775,25.529744597719052,18.941323416407236,6.128864783655505
2023-12-23 06:45:14,SuburbB,38.54192529998935,41.071981156756806,40.96428654757532,40.32510481872244,39.55180696768283,21.76637722380398,17.467464381664755,3.692775640548304
2023-12-23 07:00:14,CentralPark,39.18937547181436,38.34298949477261,40.11358349342421,38.01935143898488,37.61235005384885,20.689500208649225,16.883165767062074,6.311930039062733
2023-12-23 07:00:14,Downtown,46.66663172206121,44.143560951547435,45.73430462170539,44.01991070708796,44.63874168709922,27.856855694681084,16.874289737309542,4.8338703759002515
2023-12-23 07:00:14,SuburbA,43.90212263266403,45.36930195212941,46.99605839256216,43.497139654064235,44.24307292220809,27.276416128597837,17.06822309014679,3.9207027003173525
2023-12-23 07:00:14,SuburbB,47.723038561718994,48.296207405281066,50.05784554752054,50.69532107794974,48.90200784820071,29.72401273005587,19.153107653759626,6.942701017001679
2023-12-23 07:15:14,CentralPark,37.4396741894547,40.30258152350679,38.873979071387794,38.904831140961754,38.99723896085336,21.615989259115782,16.88275093544442,3.1030706127620036
2023-12-23 07:15:14,Downtown,36.39329400856675,36.73492735232517,38.10706733979735,38.048148799634426,37.31034053461131,20.22868619386952,16.369548925225427,5.839217509807424
2023-12-23 07:15:14,SuburbA,43.175558682143276,43.10684633940396,41.010585226647365,41.95853775895192,43.11357121636735,23.793230061412252,18.86241727762545,6.216273793469416
2023-12-23 07:15:14,SuburbB,40.28746812804606,41.69538557758388,39.731907475540055,41.769084633661656,42.49918604702762,26.602189567731344,15.62369641180356,4.720030386848527
2023-12-23 07:30:14,CentralPark,46.46957303821877,49.0977349875058,48.28322872466983,46.045399655072075,47.163549918890666,28.09223559900442,19.046867425344907,4.6660076630707685
2023-12-23 07:30:14,Downtown,42.84292598615471,45.29398469866391,44.80565175873877,42.93702265416128,43.172474693160424,27.56503551823374,16.3561490424481,3.314496307893938
2023-12-23 07:30:14,SuburbA,44.71539484611651,44.24357238412886,42.267262119276936,44.21312800612193,42.552670069318545,26.866213915214892,16.423497522924094,7.730041727290278
2023-12-23 07:30:14,SuburbB,39.232156897635825,39.12561917921164,39.93439483027136,40.40770913875514,39.6767416259315,23.443914840775218,16.33011878737463,4.211499309182769
2023-12-23 07:45:14,CentralPark,37.09557449629242,33.64601482113317,37.9950654823721,37.154391291773244,35.51217900562434,20.485697543727227,15.03884547044435,3.4001848799759458
2023-12-23 07:45:14,Downtown,45.24184050683729,47.63124411685809,47.57940677712795,45.63114148032647,46.39489269235178,28.051892505557234,17.585684004275144,7.960690650671767
2023-12-23 07:45:14,SuburbA,37.43489107431812,37.410159018482474,34.646937209286584,34.728718270730624,36.076693081132476,20.874792932384718,15.238674960461257,3.1370866928620726
2023-12-23 07:45:14,SuburbB,42.80158689660395,43.251335784061524,43.67344672152657,39.5070062989391,41.80181414393717,23.528500012670914,17.828469203894624,5.114914538938498
2023-12-23 08:00:14,CentralPark,57.74750514443719,56.02700494995373,54.28408999680829,57.09765564011777,55.97359583547696,24.78762100155672,18.648199311422843,5.550239041014785
2023-12-23 08:00:14,Downtown,53.14964056990327,52.554720925390555,55.46459411407439,53.26485074826263,53.89455471613361,27.50214617522595,19.24658129617997,7.275140430281406
2023-12-23 08:00:14,SuburbA,61.38860350648756,62.22112408331021,64.23892556010006,62.360965901742375,62.35837337564237,28.081216976982773,19.18857294414964,6.28924267361266
2023-12-23 08:00:14,SuburbB,59.73572970493844,60.936736798391706,59.24354684244501,62.01365457356051,61.20423988057274,29.930136395536238,18.1913750590677,7.8440887704158655
2023-12-23 08:15:14,CentralPark,46.55666911885723,49.65272271205512,48.46161045619612,48.055649662232696,48.01727891407138,21.99234167712934,18.721792381206228,7.323767613783676
2023-12-23 08:15:14,Downtown,60.727761173525586,62.99106246940256,59.795935389541235,59.91810764663631,60.82483383490235,29.999842178265006,18.716563352926386,5.622693485619387
2023-12-23 08:15:14,SuburbA,47.81732296059816,48.49663767909857,51.00940564682188,48.13999779807045,48.98364320938951,20.545995965003858,15.003816836493858,4.286797136660395
2023-12-23 08:15:14,SuburbB,58.271198041795046,55.94122426556495,57.78350805765595,56.947153746430764,56.78091826944101,27.667841356741555,16.695475494660837,3.96891564779237
2023-12-23 08:30:14,CentralPark,59.41236748311172,60.469726074528104,60.66596612853951,60.554327795696196,57.96522019240792,26.510154085410587,17.905682150370325,7.003662285461221
2023-12-23 08:30:14,Downtown,47.53224185748594,49.45914345071636,49.7242151097707,48.423861254574334,49.41357664864903,24.739866430134995,16.453445279631246,5.5818752119611155
2023-12-23 08:30:14,SuburbA,53.46275063216102,50.84698799198654,53.32782192728758,52.11725040065912,51.37356464629193,23.70962835734806,17.35122291914656,6.092411616903137
2023-12-23 08:30:14,SuburbB,57.10680293047075,55.50819441954261,52.61444573597256,56.75527007430441,54.49683876310866,29.72089618656166,18.112117797581543,6.893403050326967
2023-12-23 08:45:14,CentralPark,53.85568025816003,52.957419326737586,53.88139581305097,56.28480663723318,54.93851492842632,23.70545820780682,18.3003774962585,7.467004123051423
2023-12-23 08:45:14,Downtown,59.80788521750411,60.10719121488041,60.99205699227592,60.28338820643876,59.02091184844562,25.07289478417075,18.9670232248668,6.095670164740554
2023-12-23 08:45:14,SuburbA,59.916307732214,62.35655333677175,63.810070527655164,60.76835259692817,61.03526854995318,29.357979119794816,17.158860390997866,6.196565337547207
2023-12-23 08:45:14,SuburbB,54.980007254949136,54.33644250272561,57.60021304765159,55.76577893723689,55.3475566489766,25.834614376344206,15.518061060678491,3.7843184966565393
2023-12-23 09:00:14,CentralPark,46.138155102379386,44.38129551784427,44.864836648018006,45.527010496157274,44.591659238899595,22.639677057437424,15.194791616734593,5.834246973918909
2023-12-23 09:00:14,Downtown,54.565169666672496,52.68420279718596,56.445951566960225,54.03948779546816,54.61736221558278,24.674880898651033,17.571635254592657,6.3020925017252525
2023-12-23 09:00:14,SuburbA,57.19366922841483,56.23880516222225,59.760818057564684,56.7561021367431,57.844731814238024,28.76757339405102,19.85257307603677,6.797671188629918
2023-12-23 09:00:14,SuburbB,56.66732963531774,57.04118737408039,59.01851648398893,59.32378198301532,58.00530384742178,29.430661732074782,17.727042317754446,3.7379212514268256
2023-12-23 09:15:14,CentralPark,49.814781820492676,50.55259895788339,48.02141898941997,51.32448978332906,49.31918249352844,22.179626670344707,18.13877414496014,7.403344245759014
2023-12-23 09:15:14,Downtown,55.492262410645075,55.675176741427016,56.703873939895104,57.64178640209398,56.30947584782095,27.301435854912814,17.875689167286705,5.5544111146011
2023-12-23 09:15:14,SuburbA,53.70016420788965,53.560614473456184,50.88604092443081,52.63893954121727,53.54983176957995,25.753846034118766,15.07568969380798,3.1691546086770406
2023-12-23 09:15:14,SuburbB,46.98977957976566,46.41906366693755,49.0854053300429,47.70311700114226,45.96236646070341,24.167181634241913,15.482447498226742,4.159980315928651
2023-12-23 09:30:14,CentralPark,45.463548746460404,45.00460078121452,42.493538560118346,45.627089373741306,45.578341601956524,20.36960586313168,15.420005591937038,7.0050401169762475
2023-12-23 09:30:14,Downtown,46.17657195307472,47.771762108722044,48.49439319871114,48.0227692256763,47.05519836838758,25.154192497894826,15.860293621089012,5.757598591263445
2023-12-23 09:30:14,SuburbA,56.413425748160655,54.99332846689645,56.6185678323699,58.71805415178244,57.74372418974679,28.80691238008545,15.570070891922786,5.417341228576332
2023-12-23 09:30:14,SuburbB,49.27718934812527,47.555089244406446,45.51921646317127,48.10585053778568,47.387815407483544,20.804139561570835,18.727856181543064,7.931452630628003
2023-12-23 09:45:14,CentralPark,46.16190178743911,45.73616459527993,45.19883176646714,47.93827311388553,48.37747901541719,22.380636965979708,15.621001127301154,6.276043470136945
2023-12-23 09:45:14,Downtown,44.984437121865376,45.29374884753021,43.716041534061965,43.7236547201126,44.14044837095394,21.82246366798361,17.86379347813287,3.122092735692102
2023-12-23 09:45:14,SuburbA,49.271388150074166,50.478233492714764,49.99706941080791,50.84662961417552,49.81397216461882,27.76726343202045,16.519594629622397,5.064501774903563
2023-12-23 09:45:14,SuburbB,45.90232807110021,45.98458717310836,48.3032504739439,46.40786609411918,44.89645026654197,23.53912073937778,16.57118148993512,7.249934002221808
2023-12-23 10:00:14,CentralPark,53.690698391763384,53.11657723082572,51.03581319114073,54.32549189916651,54.1609658007045,26.300422211662642,17.184385736282724,7.222267124210772
2023-12-23 10:00:14,Downtown,52.61461168125551,52.78723132780392,55.77535625679393,55.616662933752615,53.82259621534329,20.5394806427566,18.840939434848842,4.53266898502679
2023-12-23 10:00:14,SuburbA,53.658680187143055,56.24270927401579,54.65350115059828,54.44275820600688,55.34411422658038,28.160065688478696,18.78627176106471,6.310777316871442
2023-12-23 10:00:14,SuburbB,46.43429164390653,46.43135224762794,48.59777856611549,44.34984010119096,46.22293179484865,21.787792851507707,18.91803191661658,4.00041116059284
2023-12-23 10:15:14,CentralPark,48.49549424981404,47.71500399542546,49.4610891129529,48.91430378333529,48.304575540816245,20.675958621032763,17.109470895551862,4.753419287752164
2023-12-23 10:15:14,Downtown,46.38247199709519,46.67941792317319,44.016327871176806,46.93948362460823,45.49605968104949,20.509089463470012,17.762685233181223,6.744876925595886
2023-12-23 10:15:14,SuburbA,59.161015690351995,56.818656804477534,60.691888063863956,57.81674540292396,58.29461840378938,27.554560521151124,16.89528608419669,3.4962445448298665
2023-12-23 10:15:14,SuburbB,62.0930461241064,58.23072313531935,61.94199574730959,59.01939326750697,59.25183635330842,29.171265079674455,18.1727849693922,4.03252765705226
2023-12-23 10:30:14,CentralPark,49.30633369561237,49.77095714426018,48.930999022841235,50.12938755134504,48.40394233471552,21.157555668832657,18.76079825578206,6.80826941142223
2023-12-23 10:30:14,Downtown,54.84355752488514,53.905872328527046,55.18827699868985,55.25696194478081,56.39528640538791,26.679805851395884,15.23747459778899,6.248498694255092
2023-12-23 10:30:14,SuburbA,51.78179813828833,50.73256937496791,53.979046448551784,53.456664097803824,52.688612777743124,22.03588235265453,19.656087863372598,6.919500978235066
2023-12-23 10:30:14,SuburbB,42.71511361678371,44.77484712445107,45.96361297590618,45.1653340138608,44.677609093397514,22.329403383964397,15.996497260921034,3.1441908705208106
2023-12-23 10:45:14,CentralPark,46.55825850693838,46.794870516192645,50.29207282190838,46.378086890273195,48.661132795935984,23.402803422229994,17.988410475875924,3.0007437333078304
2023-12-23 10:45:14,Downtown,53.072212174848275,56.45687181626116,55.54202275792369,53.29451801290562,54.44373496523378,27.812457333764684,19.9578689189784,4.53200560466166
2023-12-23 10:45:14,SuburbA,51.76389196548876,51.35531919520788,50.84672828162372,54.26941368591278,53.46769351313824,27.614492515726653,18.88479996773712,6.6234449104972475
2023-12-23 10:45:14,SuburbB,55.83831000537961,56.53376562692481,56.831939266849545,56.65715941941225,55.66083652491455,25.261691444107555,19.107382734523263,7.276195633603613
2023-12-23 11:00:14,CentralPark,40.18120542012721,40.05647628369161,40.1313891442475,41.29628774172714,39.882805440862214,24.526944869687533,15.065930353782752,7.261934967533417
2023-12-23 11:00:14,Downtown,42.72806430938698,42.65739334322025,41.90292585176556,43.12028417439414,45.15939172335817,28.070946820341092,16.248969627816216,5.206759618898042
2023-12-23 11:00:14,SuburbA,42.43794350107411,39.186325634229945,39.82140548162148,41.81214555041758,39.95896411219784,24.932510828679355,16.006735107870252,6.474247920796434
2023-12-23 11:00:14,SuburbB,50.0880467431633,49.78712155540784,46.27136291089992,49.96393496833493,48.21894654075823,29.33789554545272,18.978508191120632,6.809450901043209
2023-12-23 11:15:14,CentralPark,47.340004741453825,45.42151760599759,46.596221124128206,47.93561094306493,45.06037281321919,27.40659977688447,18.59308456688841,6.488970062526926
2023-12-23 11:15:14,Downtown,50.38143103354194,48.68113298876138,49.1702539454847,46.84940623755151,47.99193239661567,29.404770010574243,19.032824110734676,6.383667800858996
2023-12-23 11:15:14,SuburbA,47.043815271971084,46.424243991960495,43.525827335045655,45.9973109809102,44.81998619081072,26.725578952719783,18.512302897746228,6.3460863243229495
2023-12-23 11:15:14,SuburbB,42.234362548733344,43.090799527596964,40.63870596735354,39.899821388288316,42.091434794657395,24.945655191510497,16.364768325083688,3.132155882845545
2023-12-23 11:30:14,CentralPark,44.30655909520333,44.255778661465506,44.471175615547615,42.34711127419394,43.05723997199671,23.139618117451572,19.859924783715186,7.742867707727856
2023-12-23 11:30:14,Downtown,37.655802872771346,39.29354064646395,40.65375194457484,39.20840494453031,38.09328226668713,22.40277491022367,15.562174303928513,7.2712767236452
2023-12-23 11:30:14,SuburbA,33.77430855452684,35.97726902337245,35.640895118925826,33.66813500222212,35.875086794217694,20.06971266909806,15.447864825508779,6.325927515506111
2023-12-23 11:30:14,SuburbB,38.307621723990636,38.62819911159473,38.67263280927686,36.88529483430031,38.02632090821334,22.967056809978626,15.289429551731988,7.516489304543226
2023-12-23 11:45:14,CentralPark,39.340950811567495,38.059130373772895,36.7760432646756,39.87823031698484,38.19248445275142,20.132639613534323,18.187745623798303,6.066442674354923
2023-12-23 11:45:14,Downtown,42.30808911213363,42.305844197017976,45.3538842901126,44.76444309933517,43.7669799041485,25.15509018510409,18.208897278675096,4.423915612313843
2023-12-23 11:45:14,SuburbA,38.39331875542036,38.35248159683758,40.92322774871888,39.21241178463024,39.58231297006471,21.866190530764683,18.255237157133717,6.741422076275704
2023-12-23 11:45:14,SuburbB,35.509311787571065,34.30185940235642,36.83397731042407,34.516588124768056,35.42462886793542,20.095273738806352,16.163988341316376,7.836053568938127
2023-12-23 12:00:14,CentralPark,43.01723624070064,45.549915287193635,46.15775097056158,44.6220017064309,43.47480896094265,28.497272841928506,15.85681257669479,5.686295454371386
2023-12-23 12:00:14,Downtown,38.81318094100363,41.19038110085688,43.16760977524559,40.299443269258475,40.07532151415482,25.28817953965384,15.392539327987599,3.931144660528433
2023-12-23 12:00:14,SuburbA,44.046531125938536,41.809804783290176,42.62309621205987,45.00947662567589,42.63575622229544,24.864537957662687,18.62896817420405,3.0447170228851377
2023-12-23 12:00:14,SuburbB,38.13553945070342,38.39683508213256,41.54747322956895,38.42973588042666,38.75559215553771,20.262085968585872,18.95099840544421,5.823043850545215
2023-12-23 12:15:14,CentralPark,48.215252540314786,48.03383910515118,45.688240946094275,45.10219281280478,47.42689416119656,29.587305225781357,17.07044412360673,7.70515466811072
2023-12-23 12:15:14,Downtown,41.6143860034565,42.90729045550121,44.729665100135165,44.338818607037105,43.12430726111363,25.80465171196701,16.66825976953175,4.591895100003348
2023-12-23 12:15:14,SuburbA,44.57660630811533,44.51077807841784,41.74478019395238,43.0382847757613,43.437008054274074,24.268606365457668,19.950571468980193,3.199527993588686
2023-12-23 12:15:14,SuburbB,41.65941991342739,41.10932285553718,40.604416004523586,40.57704375053331,39.830298731855265,25.136212082543167,15.545050848853707,5.5492590247247175
2023-12-23 12:30:14,CentralPark,37.253657847264165,38.974339471127834,36.86235376133708,36.1561105172437,38.277172455794606,20.63491685540114,17.008984118304507,6.748800109058957
2023-12-23 12:30:14,Downtown,47.81789961473143,47.911399026277806,47.4747071547015,46.61949896299299,48.33192513459469,28.806331496859144,19.63260178412436,5.871457335271042
2023-12-23 12:30:14,SuburbA,38.38259181400305,38.417987261763955,35.919433755903796,37.56485953042747,38.940884782082605,20.069436959462205,18.44347025049555,5.227889935910167
2023-12-23 12:30:14,SuburbB,43.866592566130365,46.209751675915,46.33610146789574,44.97080629071528,43.96741526768304,25.794894491775352,18.632373815835983,6.480692424282225
2023-12-23 12:45:14,CentralPark,42.900796117288294,42.534108734202334,41.21802779514143,40.94093318244515,41.27697841270842,25.25682463219872,16.287026747296633,3.3202790372363924
2023-12-23 12:45:14,Downtown,41.31146750639056,41.81367235145498,45.94161157355799,42.55788921426471,42.31029149092612,24.17002196387518,18.861430822097745,5.707983051353748
2023-12-23 12:45:14,SuburbA,47.3785022442041,46.985563788747996,47.61500463558225,47.48342873412479,46.11532518916715,26.647665387213383,19.234311449466826,7.923146520692027
2023-12-23 12:45:14,SuburbB,42.91324867516627,42.78421669778194,41.49360939995291,40.956606309058934,41.02657399031616,25.548392983740378,16.073908964749137,4.6628108262479415
2023-12-23 13:00:14,CentralPark,34.374896555598205,34.64477471029421,38.37255436382649,34.58983581397688,35.480291993953,20.19768165431012,16.023114758749102,4.612914858477303
2023-12-23 13:00:14,Downtown,42.32730072227556,40.83788036645846,38.42903225841174,39.014331511221286,40.06341487347328,25.12018430911462,15.860523804286316,5.375776805968156
2023-12-23 13:00:14,SuburbA,43.17036794347813,44.04715084793446,41.15983315107314,42.814674141699356,43.38153702049915,28.18165671790316,15.928240314053443,4.042507875032502
2023-12-23 13:00:14,SuburbB,39.91465810629909,39.95282667730722,41.44857910904018,38.578085196669,39.36812949603709,20.232584563551725,19.2481647943767,3.2193743949686184
2023-12-23 13:15:14,CentralPark,42.74865659540388,43.6186479796296,38.98517013175598,43.46679674219185,41.96289635060171,25.759028131667698,16.155769317272892,5.584319767111097
2023-12-23 13:15:14,Downtown,38.5448214079353,37.78327222546279,41.03738773261694,39.646315167692755,39.146150038339805,21.162479200858204,17.082107981589296,6.360356615307853
2023-12-23 13:15:14,SuburbA,35.14404740675794,35.38858923274995,38.63101677981465,37.51579763321639,37.73216778916656,20.448580535423268,16.378248712073464,3.716126331603597
2023-12-23 13:15:14,SuburbB,38.74496827578746,37.11964188196234,40.566905409367315,39.25905697913314,38.318822512734606,20.561992175733195,18.54072183128528,7.924671081053974
2023-12-23 13:30:14,CentralPark,47.0826685710025,50.009398358792865,45.84081939700543,49.72243403272911,47.3970281087772,28.697051363547764,19.55550883455847,5.520431071032447
2023-12-23 13:30:14,Downtown,44.40766991025411,46.05404848402616,43.0781542352919,47.58934975024658,45.4614422579203,26.204917867114577,19.430704658683318,4.0376030131624905
2023-12-23 13:30:14,SuburbA,45.64884728482574,45.98359275348876,45.568168281294206,48.18052939169731,47.89234278259128,29.772189033055252,17.581734787537393,4.688799959222608
2023-12-23 13:30:14,SuburbB,40.62829846582163,42.208702719040474,42.867734080131754,39.19879105501996,41.77762566692032,23.833183693622637,17.335142409518422,5.756500606503897
2023-12-23 13:45:14,CentralPark,37.76154689689124,37.66941506486,37.43071720727056,36.126166722055544,38.09205752670831,22.440543880800373,15.368605531333937,6.406301211858187
2023-12-23 13:45:14,Downtown,42.12167465047993,39.42986373727427,40.111786827156756,41.07767395836183,41.0658687053941,24.801740861914293,15.320642609271768,5.764688561585212
2023-12-23 13:45:14,SuburbA,37.555600503517944,36.633263719004056,37.517949212163316,37.11044955068603,37.9118133050983,23.144336904990194,15.445000947455046,7.404376267475254
2023-12-23 13:45:14,SuburbB,37.34936502923145,40.28131676240242,41.160243158784645,39.57792848165988,39.87423311776477,21.156336774906087,18.070137216474123,7.899782751814849
2023-12-23 14:00:14,CentralPark,43.136288408147436,41.78114235122495,41.48213525398233,44.45391429386637,42.87096460388883,24.723370911846896,17.755967316158156,7.1916479407992355
2023-12-23 14:00:14,Downtown,42.34137877982718,43.679120119261206,44.54627241161257,42.06586564311951,42.764956815474775,24.204883737057777,17.718320049841406,7.57175508485382
2023-12-23 14:00:14,SuburbA,45.774551111142905,42.98841401564745,42.95843882887476,43.17561386289114,45.14437688905835,26.10059711306108,18.238283169902704,4.757347758166579
2023-12-23 14:00:14,SuburbB,37.25024752965777,38.5388356165294,40.45740977799039,36.82343141172331,36.95609620648386,21.5007328270321,16.39676591407464,3.696722750537044
2023-12-23 14:15:14,CentralPark,39.312355712766006,40.256235424376904,38.932100431406184,42.22533717118479,40.376739533964866,22.511492306507172,17.94721082833171,4.59169932259573
2023-12-23 14:15:14,Downtown,37.91980630057783,40.18407635118932,41.41151534696776,39.973700501357435,38.96344200053002,20.059558964306756,18.69651206126545,7.671981608965093
2023-12-23 14:15:14,SuburbA,44.579943912067094,44.339035229898556,45.46452855287013,45.73521509784379,45.18738603864219,28.131390835438907,17.633630226206527,3.911790559628124
2023-12-23 14:15:14,SuburbB,39.73168801334942,41.837431361792675,42.78224575632408,42.09079542262659,41.18338935483132,23.68009612071466,17.24228020587242,5.590263255807422
2023-12-23 14:30:14,CentralPark,43.66217085699857,43.33665002127539,39.74808137400288,42.25093429264507,42.98827227574405,26.11751498396247,15.91438028013676,4.1844814050543455
2023-12-23 14:30:14,Downtown,43.41732208921997,40.13202508091259,39.06350802428806,41.346567427355545,42.603838952435005,23.439423779637597,18.586666854304575,6.879068947310169
2023-12-23 14:30:14,SuburbA,37.50176060340705,38.694842975404974,36.50550917656859,38.18585222327817,37.3291888260364,21.450245899321114,15.289136251400413,3.1205320227386415
2023-12-23 14:30:14,SuburbB,38.331210067131565,41.29774548804236,40.556172073164426,40.88040410974963,38.55898101637948,21.720388098919642,17.837332657674164,4.860261167841867
2023-12-23 14:45:14,CentralPark,45.09051165791939,42.83538524319816,42.59730567438349,43.19363109766221,42.5612242987686,26.612519879712284,16.82911109122295,7.1742060040402595
2023-12-23 14:45:14,Downtown,42.122793180075185,45.08981917791685,43.8256870721786,43.00069389200984,44.90942602830734,28.401343577630634,15.639119075731395,5.7734266733376085
2023-12-23 14:45:14,SuburbA,45.67230560742459,45.575647458369964,43.4044748170904,43.34477624766755,45.43498469598682,25.806146998983312,19.19976487456049,3.3083942737560985
2023-12-23 14:45:14,SuburbB,43.84817555431621,45.22034521270339,44.79623832835593,43.255580137416416,43.88115205079618,28.233053128510207,16.08618505352306,6.388668823244007
2023-12-23 15:00:14,CentralPark,38.9214917436635,39.85222755846164,40.38419896562963,37.62430616028908,40.09865243852989,24.031872983547956,15.144743425513894,5.1804143117824815
2023-12-23 15:00:14,Downtown,40.596566415030274,41.54694860466256,42.27197679436375,40.14385434371824,42.43113007025869,24.903449756422983,17.22092335250824,7.3501364016029385
2023-12-23 15:00:14,SuburbA,36.70366942998105,37.09662944527296,36.97791706994552,39.123326177045136,37.91745436930711,21.190231704095922,16.28716887898049,3.012540174852162
2023-12-23 15:00:14,SuburbB,36.671999833942635,38.950500312658214,40.28333102900478,36.99805469116262,38.605432680852694,20.28040422877586,18.101522898637675,5.323112063971374
2023-12-23 15:15:14,CentralPark,43.986006140226635,42.904782379604384,45.77479156932477,41.973775415409506,43.070334902872126,26.98075420549923,16.35272320197533,4.989880121666527
2023-12-23 15:15:14,Downtown,41.11852599483489,43.642526827254656,40.600204104842874,40.42421663784676,41.67968920378757,25.975548461865706,16.338747468621918,5.9953680895911985
2023-12-23 15:15:14,SuburbA,47.73596820318197,45.79339835206613,46.42119631131119,46.58105479354453,45.076323558203,27.249586392168325,18.796972320681313,4.9812747726495665
2023-12-23 15:15:14,SuburbB,45.93126177577437,42.97601659374872,43.57694951005423,44.42515564581665,44.52563192509256,25.707963000317946,19.25546141186781,6.487820212263914
2023-12-23 15:30:14,CentralPark,36.19905355686422,37.84125617401419,36.580829619546336,38.47399011951335,36.59786777884845,21.434133004513175,16.014242026008496,5.880310252493548
2023-12-23 15:30:14,Downtown,43.50221142707005,43.53559597675523,44.52911132521706,43.19806326957943,44.23739304473518,25.38808356463547,18.43562338539601,3.7573456657468984
2023-12-23 15:30:14,SuburbA,45.18143079628017,41.9173297541923,43.93248338719794,44.4489364397927,43.95231987167153,26.585639303716004,16.878008840577635,3.60915610154805
2023-12-23 15:30:14,SuburbB,47.16444671568259,46.18844605770429,50.38353592125656,49.40663068043653,47.67252365304491,29.674096330313148,18.463107514528215,4.179653236549479
2023-12-23 15:45:14,CentralPark,35.06984193492901,36.74280188265081,38.693989381864,34.92601099590099,35.97855674987841,20.14183649435499,16.434456893391662,5.183468295674123
2023-12-23 15:45:14,Downtown,40.5988989196795,39.00938812756118,40.94223182832719,39.49005876976905,40.199650530207236,22.406943174648273,17.344782857940437,6.7026273677332675
2023-12-23 15:45:14,SuburbA,46.1743132487153,45.72680408180892,45.36127768612632,44.88941256809565,47.42062721637098,27.92123071616767,18.779071388149454,3.3945606625628613
2023-12-23 15:45:14,SuburbB,45.68900493693555,43.535709019438066,43.049176476431974,43.2620978376117,44.469260854841544,25.577495666242996,18.4087029921134,3.4093238465508757
2023-12-23 16:00:14,CentralPark,44.13426768086921,44.51051960757571,43.12799409608599,44.165951294076436,42.2575987280172,27.08576769141074,15.836391263594178,4.208691235199911
2023-12-23 16:00:14,Downtown,44.568904089003965,43.1192540992635,42.87412810375866,42.47939867606762,43.07369695066788,26.53089227501863,16.989289460800943,4.640226074595651
2023-12-23 16:00:14,SuburbA,41.94781570195525,41.18382557155129,41.47010335833615,39.93977657403443,39.09818531126226,24.242912805999836,15.753761024048329,3.2832624437754405
2023-12-23 16:00:14,SuburbB,45.355972258101566,45.1030565181434,42.56806815568929,43.72857013574165,42.908764171964634,26.41256241703175,17.062007048866004,6.4160868887872535
2023-12-23 16:15:14,CentralPark,46.081379862604976,44.69837249189563,43.88042124220997,45.739644033338436,46.72122704596528,29.725758726719206,16.224055071393007,5.33701797412975
2023-12-23 16:15:14,Downtown,40.17525366400271,36.967497831768355,37.201884090871104,39.34373756356315,37.67981572353731,22.698943639060634,15.744653477507322,7.882943991855496
2023-12-23 16:15:14,SuburbA,46.46829587176413,45.325828401260914,46.842161418429676,46.580814201380505,44.417511787797345,25.54204187259652,19.79855624565263,6.052858629358445
2023-12-23 16:15:14,SuburbB,44.16343713482777,43.63586015807455,44.837017568433055,42.89436848206627,43.52697296003195,24.774168547697123,19.531607068015575,4.102849937789236
2023-12-23 16:30:14,CentralPark,43.21154549348644,44.61941692073444,47.729458916863415,46.12749620069719,44.25490290184226,29.711738013647405,15.163536991288776,4.145003056133518
2023-12-23 16:30:14,Downtown,47.07389251875517,44.70754307133686,44.1090247872835,44.50526495343896,44.37830212625942,26.17463002415225,19.171775640061966,3.987704702556705
2023-12-23 16:30:14,SuburbA,40.34270657364167,39.220917307956,41.15686520508412,41.2514311477402,41.025501522765104,21.822682785578387,19.279175147152117,5.340211423141801
2023-12-23 16:30:14,SuburbB,38.90286883896747,39.98547126293408,40.096822794562875,38.950270003991335,38.73863039854854,21.36162999378979,17.836407108760724,4.352629588661141
2023-12-23 16:45:14,CentralPark,42.30110264771858,43.277998560778535,44.131254814979044,42.444342604181344,40.92323150396298,22.948808966927988,18.826301286901874,5.007407896066608
2023-12-23 16:45:14,Downtown,47.4995584471988,47.757471390291556,49.42089383433101,49.83646318746886,48.941422202803516,29.364458924446605,19.13361681736656,3.2803172690615865
2023-12-23 16:45:14,SuburbA,41.80796184839862,44.858826020943376,41.81205329931045,42.96960272406358,43.38774429034539,25.207108906127612,18.4492883111118,7.385837871718879
2023-12-23 16:45:14,SuburbB,47.200352794106095,46.73870226350062,47.76461299515354,45.475740426155895,44.99294159947346,25.448421411017605,19.771112669056233,6.539038071438421
2023-12-23 17:00:14,CentralPark,55.43139690218298,53.65447559276769,54.72436129836952,54.826081702340886,53.825109103634915,24.666680519784723,19.7314431860752,4.738204982668474
2023-12-23 17:00:14,Downtown,52.123272339230866,52.93515200695694,49.64632943086338,51.70970466680467,51.87152064186676,27.64630535022233,18.986462865726082,6.920347562563796
2023-12-23 17:00:14,SuburbA,56.6415791792324,54.42452646143387,55.678295108055956,55.890118163458,55.043337155878945,21.865024939666124,18.666033868413166,3.1784725415469652
2023-12-23 17:00:14,SuburbB,52.95009269405332,54.03663363768902,53.0203533536502,53.49703943239334,53.015518832684315,27.170348460339028,16.087309137652436,3.24504102086828
2023-12-23 17:15:14,CentralPark,56.81369799404541,55.43557800682387,54.364230628246034,56.465526160308805,56.6958020233331,29.977361600431067,18.496840202016664,7.149126609190875
2023-12-23 17:15:14,Downtown,56.659420658904736,54.94571632867121,59.33363864358987,57.57322668026834,56.75092385663041,24.756658708781195,19.503582709318362,3.0611776581212697
2023-12-23 17:15:14,SuburbA,55.07003593829807,55.91511672649409,56.0290501530767,56.264220192983345,57.251022801183005,22.885138385699342,19.58768541451242,4.306621673984276
2023-12-23 17:15:14,SuburbB,51.37599247198835,49.83314237319274,52.47316735639874,50.276084174146355,50.12480611303542,24.948963063348387,15.755461361963565,3.4974175665477483
2023-12-23 17:30:14,CentralPark,53.46811199945937,54.79576456738192,54.90443255697008,53.37354845322266,55.3812817706202,22.585536634615078,17.95080532735518,7.559303027007155
2023-12-23 17:30:14,Downtown,55.63664691075966,57.565064906435595,52.921293347342036,54.79419910271843,54.831604988494746,27.191126852960288,19.498600719462328,6.868228902062907
2023-12-23 17:30:14,SuburbA,54.506515102445064,54.10739688298591,55.54328157019516,56.547530257261435,54.84701417415421,25.92517921804676,15.787708142003229,7.935143392965658
2023-12-23 17:30:14,SuburbB,55.039491593969046,55.039207776919284,55.44569538704627,53.34217628456795,54.98288361871288,28.075503542169084,18.734039088960404,3.778960456548762
2023-12-23 17:45:14,CentralPark,52.83559490981203,55.44577464829105,54.21650297691046,52.534423137969036,53.955608492015884,29.509793632979427,17.689656662071766,5.343762723732883
2023-12-23 17:45:14,Downtown,56.968830768795534,55.11009359248927,58.3213441275435,56.517091884770736,55.768840597134414,29.95743338188207,19.793103651797196,5.693321989352828
2023-12-23 17:45:14,SuburbA,52.67578798204556,53.119805185297785,50.795945624311145,53.383257367618896,51.76137260983922,29.515500305205922,16.73959899471143,6.259951268372899
2023-12-23 17:45:14,SuburbB,54.038340205085426,51.99713652621431,55.808198192150925,54.16521652755998,54.179578421135915,22.886314372190423,19.52236704158866,6.561102595650731
2023-12-23 18:00:14,CentralPark,49.578758394113024,48.59249793296595,49.38290132414582,50.292807168415756,51.163062514454445,24.403171729501707,19.041270596251774,7.666557504792014
2023-12-23 18:00:14,Downtown,58.63508509624744,56.35153827636628,56.14614913742623,56.63042702812007,58.09066231249434,28.76589780032527,16.28677323721072,7.802959152283411
2023-12-23 18:00:14,SuburbA,54.00787520381151,53.69039638031235,53.879513899527346,55.434844646392015,53.892238028480975,28.018045158359538,17.335002541451093,5.0715922624025485
2023-12-23 18:00:14,SuburbB,51.62982427970185,53.11967757670287,50.06909570166972,53.44337818844408,51.5900297511454,22.0394265712605,17.941090521071224,7.561008057003757
2023-12-23 18:15:14,CentralPark,52.68899699672747,51.622173409473525,52.625030143342116,51.07143606626092,50.97033294197093,29.391832831243015,16.669250768176752,7.1967902404064
2023-12-23 18:15:14,Downtown,57.99839958294196,58.70531641118422,57.83965800548288,57.667636823820814,58.26802522272237,27.680414364177828,18.38927221700174,5.269270309525009
2023-12-23 18:15:14,SuburbA,50.82975806370485,48.87948906076177,51.227038279498615,49.43544323041533,50.401008005824465,28.847666060702686,15.029205380381235,3.7961419123311697
2023-12-23 18:15:14,SuburbB,47.48750234598079,48.399784915297474,51.41058320785501,47.32233830699928,48.02414318857057,23.291987350710393,19.087922208975357,5.272275936265336
2023-12-23 18:30:14,CentralPark,58.26009351516555,54.774304515353506,55.1289921581677,55.53193539422818,57.47180442208573,22.12600086421433,19.610461225594996,5.9132349669789015
2023-12-23 18:30:14,Downtown,53.45666112434595,53.102843462305394,52.07893506659594,53.43452492353855,52.734101162758144,21.786012200440084,19.79924041375275,3.7916344253601255
2023-12-23 18:30:14,SuburbA,54.18933148600075,53.32458051049928,52.309505471176905,52.27578286585325,52.50994474008968,25.6421525751821,18.9202745881581,7.281981422217192
2023-12-23 18:30:14,SuburbB,48.60924376022454,48.14786130036026,46.573286618147954,48.11719330121345,47.74162599021694,22.605923010287903,16.900798944244713,6.6047409645144315
2023-12-23 18:45:14,CentralPark,59.06717910561674,56.50470051724784,58.34330857398448,55.77015920950395,57.953703195531965,29.035232446158815,15.694232630060764,6.609699307158257
2023-12-23 18:45:14,Downtown,52.89035155096052,51.01574247913144,50.26508878727993,50.36261013350024,52.71484364752702,23.450921521920908,18.708993543046674,5.628595252556783
2023-12-23 18:45:14,SuburbA,54.77106505639195,55.16002927760784,53.719899422957454,54.9274177124272,55.59421751515054,28.23599517244449,19.362157022821002,4.704195382606335
2023-12-23 18:45:14,SuburbB,52.01382507746137,53.754002395768936,54.42757754915985,53.69069434587497,54.00390084871018,20.957625314581303,18.23147671757228,6.850479450232575
2023-12-23 19:00:14,CentralPark,52.06413137399967,53.01642441057877,53.82589526677141,50.96210588593253,53.04068420282536,24.978271456956662,19.142695073612508,3.8170497441820674
2023-12-23 19:00:14,Downtown,56.27684363661436,53.87547717247013,55.3562032884357,53.40732628357447,55.58625885487055,26.22191765251312,17.50867122209093,5.292106430723489
2023-12-23 19:00:14,SuburbA,50.00179569700475,51.28024101488374,47.78643152104364,48.72684510070768,51.17584464866542,25.854605057905793,15.278826100096444,6.661650661251933
2023-12-23 19:00:14,SuburbB,56.36907925698761,56.283803842916434,58.03964034406341,54.97308256659367,56.216705081239375,23.665421943573488,19.1262304397318,6.471418527536491
2023-12-23 19:15:14,CentralPark,51.797094164102994,50.87216459815189,53.43281536019954,50.88970086676026,52.02265024881841,25.70828567273325,17.161018281921603,4.860914725451786
2023-12-23 19:15:14,Downtown,60.70617037808015,59.341954582488384,62.847558657017245,58.77030716730142,61.16042832102064,28.48373622232123,17.304751911065637,4.216504106740661
2023-12-23 19:15:14,SuburbA,48.00365705888395,47.41780987501193,45.47466629649286,46.32396669820836,48.13705458050892,26.953249285803132,15.914090693952424,3.4479393581320403
2023-12-23 19:15:14,SuburbB,57.564394254507455,56.734893343156614,54.65127243490245,57.08865448746496,58.11783547489422,27.76922606838517,17.507129949905078,6.264261404566886
